StockCode,Description,category
10002,INFLATABLE POLITICAL GLOBE ,Home Decor
10080,GROOVY CACTUS INFLATABLE,Home Decor
10120,DOGGY RUBBER,Home Decor
10123C,HEARTS WRAPPING TAPE ,Seasonal & Gifts
10124A,SPOTS ON RED BOOKCOVER TAPE,Stationery & Craft
10124G,ARMY CAMO BOOKCOVER TAPE,Stationery & Craft
10125,MINI FUNKY DESIGN TAPES,Home Decor
10133,COLOURING PENCILS BROWN TUBE,Stationery & Craft
10135,COLOURING PENCILS BROWN TUBE,Stationery & Craft
11001,ASSTD DESIGN RACING CAR PEN,Home Decor
15030,FAN BLACK FRAME ,Home Decor
15034,PAPER POCKET TRAVELING FAN ,Stationery & Craft
15036,ASSORTED COLOURS SILK FAN,Home Decor
15039,SANDALWOOD FAN,Home Decor
15044A,PINK PAPER PARASOL ,Stationery & Craft
15044B,BLUE PAPER PARASOL ,Stationery & Craft
15044C,PURPLE PAPER PARASOL,Stationery & Craft
15044D,RED PAPER PARASOL,Stationery & Craft
15056BL,EDWARDIAN PARASOL BLACK,Home Decor
15056N,EDWARDIAN PARASOL NATURAL,Home Decor
15056P,EDWARDIAN PARASOL PINK,Home Decor
15058A,BLUE POLKADOT GARDEN PARASOL,Garden & Outdoor
15058B,PINK POLKADOT GARDEN PARASOL,Garden & Outdoor
15058C,ICE CREAM DESIGN GARDEN PARASOL,Home Decor
15060B,FAIRY CAKE DESIGN UMBRELLA,Home Decor
16008,SMALL FOLDING SCISSOR(POINTED EDGE),Home Decor
16010,FOLDING CAMPING SCISSOR W/KNIF & S,Home Decor
16011,ANIMAL STICKERS,Stationery & Craft
16012,FOOD/DRINK SPONGE STICKERS,Stationery & Craft
16014,SMALL CHINESE STYLE SCISSOR,Home Decor
16015,MEDIUM CHINESE STYLE SCISSOR,Home Decor
16016,LARGE CHINESE STYLE SCISSOR,Home Decor
16020C,CLEAR STATIONERY BOX SET ,Home Decor
16033,MINI HIGHLIGHTER PENS,Home Decor
16043,POP ART PUSH DOWN RUBBER ,Home Decor
16045,POPART WOODEN PENCILS ASST,Stationery & Craft
16046,TEATIME PEN CASE & PENS,Stationery & Craft
16048,TEATIME ROUND PENCIL SHARPENER ,Stationery & Craft
16049,TEATIME GEL PENS ASST,Stationery & Craft
16052,TEATIME PUSH DOWN RUBBER,Food & Confectionery
16054,POPART RECT PENCIL SHARPENER ASST,Stationery & Craft
16151A,FLOWERS HANDBAG blue and orange,Fashion & Accessories
16156L,"WRAP, CAROUSEL",Seasonal & Gifts
16156S,WRAP PINK FAIRY CAKES ,Kitchen & Dining
16161G,WRAP BAD HAIR DAY,Seasonal & Gifts
16161M,WRAP  PINK FLOCK,Seasonal & Gifts
16161P,WRAP ENGLISH ROSE ,Seasonal & Gifts
16161U,WRAP SUKI AND FRIENDS,Seasonal & Gifts
16162L,THE KING GIFT BAG,Seasonal & Gifts
16162M,THE KING GIFT BAG 25x24x12cm,Seasonal & Gifts
16168M,FUNKY MONKEY GIFT BAG MEDIUM,Seasonal & Gifts
16169E,WRAP 50'S  CHRISTMAS,Seasonal & Gifts
16169K,WRAP FOLK ART,Seasonal & Gifts
16169M,WRAP DAISY CARPET ,Seasonal & Gifts
16169N,WRAP BLUE RUSSIAN FOLKART,Seasonal & Gifts
16169P,WRAP GREEN RUSSIAN FOLKART ,Seasonal & Gifts
16202A,PASTEL PINK PHOTO ALBUM ,Home Decor
16202B,PASTEL BLUE PHOTO ALBUM ,Home Decor
16202E,BLACK PHOTO ALBUM ,Home Decor
16206B,RED PURSE WITH PINK HEART,Fashion & Accessories
16207A,PINK STRAWBERRY HANDBAG ,Fashion & Accessories
16207B,PINK HEART RED HANDBAG,Fashion & Accessories
16216,LETTER SHAPE PENCIL SHARPENER,Stationery & Craft
16218,CARTOON  PENCIL SHARPENERS,Stationery & Craft
16219,HOUSE SHAPE PENCIL SHARPENER,Stationery & Craft
16225,RATTLE SNAKE EGGS,Home Decor
16235,RECYCLED PENCIL WITH RABBIT ERASER,Stationery & Craft
16236,KITTY PENCIL ERASERS,Stationery & Craft
16237,SLEEPING CAT ERASERS,Home Decor
16238,PARTY TIME PENCIL ERASERS,Stationery & Craft
16244B,MAXWELL 2 TONE BLUE 60 PAGE PHOTO A,Home Decor
16248B,BLUE HOLE PUNCH,Home Decor
16254,TRANSPARENT ACRYLIC TAPE DISPENSER,Stationery & Craft
16258A,SWIRLY CIRCULAR RUBBERS IN BAG,Fashion & Accessories
16259,PIECE OF CAMO STATIONERY SET,Home Decor
17001,HEAVENS SCENT FRAGRANCE OILS ASSTD,Home Decor
17003,BROCADE RING PURSE ,Fashion & Accessories
17007B,S/3 POT POURI CUSHIONS BLUE COLOURS,Garden & Outdoor
17011F,ORIGAMI SANDLEWOOD INCENSE+FLOWER,Garden & Outdoor
17012A,ORIGAMI VANILLA INCENSE/CANDLE SET ,Home Decor
17012B,ORIGAMI JASMINE INCENSE/CANDLE SET,Home Decor
17012C,ORIGAMI LAVENDER INCENSE/CANDL SET ,Home Decor
17012D,ORIGAMI ROSE INCENSE/CANDLE SET ,Home Decor
17012E,ORIGAMI OPIUM INCENSE/CANDLE SET ,Home Decor
17012F,ORIGAMI SANDLEWOOD INCENSE/CAND SET,Home Decor
17013D,ORIGAMI ROSE INCENSE IN TUBE,Home Decor
17014A,ORIGAMI VANILLA INCENSE CONES,Home Decor
17021,NAMASTE SWAGAT INCENSE,Home Decor
17028J,INCENSE BAZAAR PEACH,Home Decor
17038,PORCELAIN BUDAH INCENSE HOLDER,Home Decor
17084A,TRANQUILITY MASALA INCENSE,Home Decor
17084J,LOVE POTION MASALA INCENSE,Garden & Outdoor
17084N,FAIRY DREAMS INCENSE ,Home Decor
17084P,DRAGONS BLOOD INCENSE,Home Decor
17084R,ASSORTED INCENSE PACK,Home Decor
17090A,LAVENDER INCENSE 40 CONES IN TIN,Home Decor
17090D,VANILLA INCENSE 40 CONES IN TIN,Home Decor
17091A,LAVENDER INCENSE IN TIN,Home Decor
17091J,VANILLA INCENSE IN TIN,Home Decor
17096,ASSORTED LAQUERED INCENSE HOLDERS,Home Decor
17107D,"FLOWER FAIRY,5 SUMMER B'DRAW LINERS",Garden & Outdoor
17109D,FLOWER FAIRY INCENSE BOUQUET,Garden & Outdoor
17129F,BLUE GLASS GEMS IN BAG,Fashion & Accessories
17136A,BLUE STONES ON WIRE FOR CANDLE,Home Decor
17164B,ASS COL SMALL SAND GECKO P'WEIGHT,Home Decor
17165D,ASS COL LARGE SAND FROG P'WEIGHT,Home Decor
17174,ASSTD RASTA KEY-CHAINS,Home Decor
17191A,ROSE FLOWER CANDLE+INCENSE 16X16CM,Home Decor
18007,ESSENTIAL BALM 3.5g TIN IN ENVELOPE,Home Decor
18094C,WHITE AND BLUE CERAMIC OIL BURNER,Home Decor
18097A,PINK TALL PORCELAIN T-LIGHT HOLDER ,Home Decor
18097C,WHITE TALL PORCELAIN T-LIGHT HOLDER,Home Decor
18098C,PORCELAIN BUTTERFLY OIL BURNER,Home Decor
20615,BLUE POLKADOT PASSPORT COVER,Home Decor
20616,CHERRY BLOSSOM PASSPORT COVER,Home Decor
20617,FIRST CLASS PASSPORT COVER ,Home Decor
20618,QUEEN OF THE SKIES PASSPORT COVER ,Home Decor
20619,TROPICAL PASSPORT COVER ,Home Decor
20622,VIPPASSPORT COVER ,Home Decor
20652,BLUE POLKADOT LUGGAGE TAG ,Home Decor
20653,CHERRY BLOSSOM LUGGAGE TAG,Home Decor
20654,FIRST CLASS LUGGAGE TAG ,Home Decor
20655,QUEEN OF SKIES LUGGAGE TAG,Home Decor
20657,TROPICAL LUGGAGE TAG,Home Decor
20658,RED RETROSPOT LUGGAGE TAG,Garden & Outdoor
20659,ECONOMY LUGGAGE TAG,Home Decor
20661,BLUE POLKADOT PURSE ,Fashion & Accessories
20662,FIRST CLASS HOLIDAY PURSE ,Fashion & Accessories
20663,QUEEN OF THE SKIES HOLIDAY PURSE ,Fashion & Accessories
20664,TROPICAL HOLIDAY PURSE ,Fashion & Accessories
20665,RED RETROSPOT PURSE ,Fashion & Accessories
20666,ECONOMY HOLIDAY PURSE,Fashion & Accessories
20667,CHERRY BLOSSOM PURSE,Fashion & Accessories
20668,DISCO BALL CHRISTMAS DECORATION,Seasonal & Gifts
20669,RED HEART LUGGAGE TAG,Home Decor
20670,VIP HOLIDAY PURSE,Fashion & Accessories
20671,BLUE TEATIME PRINT BOWL ,Kitchen & Dining
20674,GREEN POLKADOT BOWL,Kitchen & Dining
20675,BLUE POLKADOT BOWL,Kitchen & Dining
20676,RED RETROSPOT BOWL,Kitchen & Dining
20677,PINK POLKADOT BOWL,Kitchen & Dining
20678,LARGE BLACK DIAMANTE HAIRSLIDE,Home Decor
20679,EDWARDIAN PARASOL RED,Home Decor
20681,PINK POLKADOT CHILDRENS UMBRELLA,Toys & Games
20682,RED RETROSPOT CHILDRENS UMBRELLA,Toys & Games
20684,STRAWBERRY DREAM CHILDS UMBRELLA,Fashion & Accessories
20685,DOORMAT RED RETROSPOT,Garden & Outdoor
20686,DOLLY MIXTURE CHILDREN'S UMBRELLA,Toys & Games
20694,FLORAL PINK MONSTER,Home Decor
20695,FLORAL BLUE MONSTER,Home Decor
20696,FLORAL SOFT CAR TOY,Toys & Games
20697,LITTLE GREEN MONSTER SOFT TOY,Toys & Games
20698,LITTLE PINK MONSTER SOFT TOY,Toys & Games
20699,MOUSEY LONG LEGS SOFT TOY,Toys & Games
20700,GREEN CAT FLORAL CUSHION COVER ,Home Decor
20701,PINK CAT FLORAL CUSHION COVER ,Home Decor
20702,PINK PADDED MOBILE,Home Decor
20703,BLUE PADDED SOFT MOBILE,Home Decor
20704,MR ROBOT SOFT TOY,Toys & Games
20705,MRS ROBOT SOFT TOY,Toys & Games
20707,CRAZY DAISY HEART DECORATION,Home Decor
20711,JUMBO BAG TOYS ,Toys & Games
20712,JUMBO BAG WOODLAND ANIMALS,Fashion & Accessories
20713,JUMBO BAG OWLS,Fashion & Accessories
20716,PARTY FOOD SHOPPER BAG,Fashion & Accessories
20717,STRAWBERRY SHOPPER BAG,Fashion & Accessories
20718,RED RETROSPOT SHOPPER BAG,Fashion & Accessories
20719,WOODLAND CHARLOTTE BAG,Fashion & Accessories
20723,STRAWBERRY CHARLOTTE BAG,Fashion & Accessories
20724,RED RETROSPOT CHARLOTTE BAG,Fashion & Accessories
20725,LUNCH BAG RED RETROSPOT,Fashion & Accessories
20726,LUNCH BAG WOODLAND,Fashion & Accessories
20727,LUNCH BAG  BLACK SKULL.,Fashion & Accessories
20728,LUNCH BAG CARS BLUE,Fashion & Accessories
20731,POSY CANDY BAG,Fashion & Accessories
20733,GOLD MINI TAPE MEASURE ,Stationery & Craft
20735,BLACK MINI TAPE MEASURE ,Stationery & Craft
20748,KENSINGTON COFFEE SET,Food & Confectionery
20749,ASSORTED COLOUR MINI CASES,Home Decor
20750,RED RETROSPOT MINI CASES,Garden & Outdoor
20751,FUNKY WASHING UP GLOVES ASSORTED,Home Decor
20752,BLUE POLKADOT WASHING UP GLOVES,Home Decor
20754,RETROSPOT RED WASHING UP GLOVES,Garden & Outdoor
20755,BLUE PAISLEY POCKET BOOK,Home Decor
20756,GREEN FERN POCKET BOOK,Home Decor
20757,RED DAISY POCKET BOOK ,Home Decor
20758,ABSTRACT CIRCLES POCKET BOOK,Home Decor
20759,CHRYSANTHEMUM POCKET BOOK ,Home Decor
20760,GARDEN PATH POCKET BOOK,Garden & Outdoor
20761,BLUE PAISLEY SKETCHBOOK,Home Decor
20762,GREEN FERN SKETCHBOOK ,Home Decor
20763,DAISY SKETCHBOOK ,Home Decor
20764,ABSTRACT CIRCLES SKETCHBOOK ,Home Decor
20765,CHRYSANTHEMUM SKETCHBOOK ,Home Decor
20766,GARDEN PATH SKETCHBOOK,Garden & Outdoor
20767,BLUE PAISLEY JOURNAL ,Home Decor
20768,GREEN FERN JOURNAL ,Home Decor
20769,DAISY JOURNAL ,Home Decor
20770,ABSTRACT CIRCLE JOURNAL ,Home Decor
20771,CHRYSANTHEMUM  JOURNAL,Home Decor
20772,GARDEN PATH JOURNAL,Garden & Outdoor
20773,BLUE PAISLEY NOTEBOOK,Stationery & Craft
20774,GREEN FERN NOTEBOOK,Stationery & Craft
20775,DAISY NOTEBOOK ,Stationery & Craft
20777,CHRYSANTHEMUM NOTEBOOK,Stationery & Craft
20778,GARDEN PATH NOTEBOOK ,Stationery & Craft
20780,BLACK EAR MUFF HEADPHONES,Home Decor
20781,GOLD EAR MUFF HEADPHONES,Home Decor
20782,CAMOUFLAGE EAR MUFF HEADPHONES,Home Decor
20785,FUSCHIA RETRO BAR STOOL,Home Decor
20793,BLUE TILED TRAY,Home Decor
20794,BLUE  TILE HOOK,Home Decor
20795,LARGE BLUE PROVENCAL CERAMIC BALL,Home Decor
20796,SMALL BLUE PROVENCAL CERAMIC BALL,Home Decor
20798,CLEAR MILKSHAKE GLASS,Home Decor
20801,LARGE PINK GLASS SUNDAE DISH,Home Decor
20802,SMALL GLASS SUNDAE DISH CLEAR,Home Decor
20803,SMALL PINK GLASS SUNDAE DISH,Home Decor
20816,GOLD FLOWER CUSHION COVER ,Garden & Outdoor
20818,GOLD TEDDY BEAR,Toys & Games
20819,SILVER TEDDY BEAR,Toys & Games
20820,SILVER LOOKING MIRROR,Home Decor
20821,GOLDIE LOOKING MIRROR,Home Decor
20823,GOLD WINE GOBLET,Home Decor
20826,SILVER APERITIF GLASS,Home Decor
20827,GOLD APERITIF GLASS,Home Decor
20828,GLITTER BUTTERFLY CLIPS,Home Decor
20829,GLITTER HANGING BUTTERFLY STRING,Home Decor
20830,SILVER PHOTO FRAME,Home Decor
20831,GOLD PHOTO FRAME,Home Decor
20832,RED FLOCK LOVE HEART PHOTO FRAME,Home Decor
20835,FRENCH LATTICE CUSHION COVER ,Home Decor
20836,FRENCH PAISLEY CUSHION COVER,Home Decor
20837,FRENCH FLORAL CUSHION COVER ,Home Decor
20838,FRENCH LATTICE CUSHION COVER ,Home Decor
20839,FRENCH PAISLEY CUSHION COVER ,Home Decor
20840,FRENCH FLORAL CUSHION COVER ,Home Decor
20845,ZINC HEART LATTICE 2 WALL PLANTER,Home Decor
20846,ZINC HEART LATTICE T-LIGHT HOLDER,Home Decor
20847,ZINC HEART LATTICE CHARGER LARGE,Home Decor
20848,ZINC HEART LATTICE CHARGER SMALL,Home Decor
20851,ZINC HEART LATTICE TRAY OVAL ,Home Decor
20854,BLUE PATCH PURSE PINK HEART,Fashion & Accessories
20856,DENIM PATCH PURSE PINK BUTTERFLY,Fashion & Accessories
20857,BLUE ROSE PATCH PURSE PINK BUTTERFL,Fashion & Accessories
20861,GOLD COSMETIC BAG PINK STAR,Fashion & Accessories
20866,BLUE ROSE FABRIC MIRROR,Home Decor
20867,PINK ROSE FABRIC MIRROR,Home Decor
20868,SILVER FABRIC MIRROR,Home Decor
20869,GOLD FABRIC MIRROR,Home Decor
20878,SET/9 CHRISTMAS T-LIGHTS SCENTED ,Home Decor
20886,BOX OF 9 PEBBLE CANDLES,Home Decor
20892,SET/3 TALL GLASS CANDLE HOLDER PINK,Home Decor
20893,HANGING BAUBLE T-LIGHT HOLDER SMALL,Home Decor
20894,HANGING BAUBLE T-LIGHT HOLDER LARGE,Home Decor
20897,VINTAGE NOTEBOOK PARIS DAYS,Stationery & Craft
20898,VINTAGE NOTEBOOK TRAVELOGUE,Stationery & Craft
20901,VINTAGE KEEPSAKE BOX PINK FLOWER,Garden & Outdoor
20902,VINTAGE KEEPSAKE BOX PARIS DAYS,Home Decor
20903,VINTAGE KEEPSAKE BOX TRAVELOGUE,Home Decor
20906,VINTAGE NOTEBOOK BEAUTY GIRL,Stationery & Craft
20910,VINTAGE PHOTO ALBUM PARIS DAYS,Home Decor
20914,SET/5 RED RETROSPOT LID GLASS BOWLS,Kitchen & Dining
20931,BLUE POT PLANT CANDLE ,Home Decor
20932,PINK POT PLANT CANDLE,Home Decor
20933,YELLOW POT PLANT CANDLE,Home Decor
20934,SET/3 POT PLANT CANDLES,Home Decor
20935,ROUND CACTUS CANDLE,Home Decor
20936,FORKED CACTUS CANDLE,Home Decor
20941,FROG CANDLE,Home Decor
20956,PORCELAIN T-LIGHT HOLDERS ASSORTED,Home Decor
20961,STRAWBERRY BATH SPONGE ,Home Decor
20963,APPLE BATH SPONGE,Home Decor
20964,POLYESTER FILLER PAD 60x40cm,Home Decor
20966,SANDWICH BATH SPONGE,Home Decor
20967,GREY FLORAL FELTCRAFT SHOULDER BAG,Stationery & Craft
20969,RED FLORAL FELTCRAFT SHOULDER BAG,Stationery & Craft
20970,PINK FLORAL FELTCRAFT SHOULDER BAG,Stationery & Craft
20971,PINK BLUE FELT CRAFT TRINKET BOX,Stationery & Craft
20972,PINK CREAM FELT CRAFT TRINKET BOX ,Stationery & Craft
20973,12 PENCIL SMALL TUBE WOODLAND,Stationery & Craft
20974,12 PENCILS SMALL TUBE SKULL,Stationery & Craft
20975,12 PENCILS SMALL TUBE RED RETROSPOT,Stationery & Craft
20977,36 PENCILS TUBE WOODLAND,Stationery & Craft
20978,36 PENCILS TUBE SKULLS,Stationery & Craft
20979,36 PENCILS TUBE RED RETROSPOT,Stationery & Craft
20980,36 PENCILS TUBE POSY,Stationery & Craft
20981,12 PENCILS TALL TUBE WOODLAND,Stationery & Craft
20982,12 PENCILS TALL TUBE SKULLS,Stationery & Craft
20983,12 PENCILS TALL TUBE RED RETROSPOT,Stationery & Craft
20984,12 PENCILS TALL TUBE POSY,Stationery & Craft
20985,HEART CALCULATOR,Home Decor
20986,BLUE CALCULATOR RULER,Home Decor
20992,JAZZ HEARTS PURSE NOTEBOOK,Stationery & Craft
20996,JAZZ HEARTS ADDRESS BOOK,Home Decor
20997,ROSE DU SUD CUSHION COVER ,Home Decor
20998,ROSE DU SUD OVEN GLOVE,Home Decor
21000,ROSE DU SUD COSMETICS BAG,Fashion & Accessories
21001,ROSE DU SUD WASHBAG ,Fashion & Accessories
21002,ROSE DU SUD DRAWSTRING BAG,Fashion & Accessories
21003,ROSE DU SUD CUSHION COVER,Home Decor
21011,GLITTER SNOW PEAR TREE DECORATION,Home Decor
21012,ANTIQUE ALL GLASS CANDLESTICK,Home Decor
21014,SWISS CHALET TREE DECORATION ,Home Decor
21015,DARK BIRD HOUSE TREE DECORATION,Garden & Outdoor
21018,BIRD BOX CHRISTMAS TREE DECORATION,Seasonal & Gifts
21025,SPACE FROG,Home Decor
21026,SPACE OWL,Home Decor
21027,NINJA RABBIT PINK,Home Decor
21028,NINJA RABBIT BLACK,Home Decor
21030,SPACE CADET RED,Home Decor
21031,SPACE CADET BLACK,Home Decor
21032,SPACE CADET WHITE,Home Decor
21033,JUMBO BAG CHARLIE AND LOLA TOYS,Toys & Games
21034,REX CASH+CARRY JUMBO SHOPPER,Home Decor
21035,SET/2 RED RETROSPOT TEA TOWELS ,Garden & Outdoor
21038,SET/4 MODERN VINTAGE COTTON NAPKINS,Home Decor
21039,RED RETROSPOT SHOPPING BAG,Fashion & Accessories
21040,MODERN VINTAGE COTTON SHOPPING BAG,Fashion & Accessories
21041,RED RETROSPOT OVEN GLOVE DOUBLE,Garden & Outdoor
21042,RED RETROSPOT APRON ,Garden & Outdoor
21043,APRON MODERN VINTAGE COTTON,Home Decor
21051,RIBBONS PURSE ,Fashion & Accessories
21054,NURSE'S BAG SOFT TOY,Toys & Games
21055,TOOL BOX SOFT TOY ,Toys & Games
21056,DOCTOR'S BAG SOFT TOY,Toys & Games
21058,PARTY INVITES WOODLAND,Home Decor
21059,PARTY INVITES DINOSAURS,Home Decor
21060,PARTY INVITES BALLOON GIRL,Home Decor
21061,PARTY INVITES FOOTBALL,Home Decor
21062,PARTY INVITES SPACEMAN,Home Decor
21063,PARTY INVITES JAZZ HEARTS,Home Decor
21064,BOOM BOX SPEAKER BOYS,Home Decor
21065,BOOM BOX SPEAKER GIRLS,Home Decor
21066,VINTAGE RED MUG,Kitchen & Dining
21067,VINTAGE RED TEATIME MUG,Kitchen & Dining
21068,VINTAGE BILLBOARD LOVE/HATE MUG,Kitchen & Dining
21069,VINTAGE BILLBOARD TEA MUG,Kitchen & Dining
21070,VINTAGE BILLBOARD MUG ,Kitchen & Dining
21071,VINTAGE BILLBOARD DRINK ME MUG,Kitchen & Dining
21078,SET/20 STRAWBERRY PAPER NAPKINS ,Stationery & Craft
21080,SET/20 RED RETROSPOT PAPER NAPKINS ,Stationery & Craft
21084,SET/6 COLLAGE PAPER CUPS,Kitchen & Dining
21086,SET/6 RED SPOTTY PAPER CUPS,Kitchen & Dining
21087,SET/6 POSIES PAPER CUPS,Kitchen & Dining
21088,SET/6 FRUIT SALAD PAPER CUPS,Kitchen & Dining
21089,SET/6 GREEN SPRING PAPER CUPS,Kitchen & Dining
21090,SET/6 COLLAGE PAPER PLATES,Kitchen & Dining
21094,SET/6 RED SPOTTY PAPER PLATES,Kitchen & Dining
21095,SET/6 POSIES PAPER PLATES,Kitchen & Dining
21096,SET/6 FRUIT SALAD  PAPER PLATES,Kitchen & Dining
21098,CHRISTMAS TOILET ROLL,Seasonal & Gifts
21100,CHARLIE AND LOLA CHARLOTTE BAG,Fashion & Accessories
21106,CREAM SLICE FLANNEL CHOCOLATE SPOT ,Garden & Outdoor
21107,CREAM SLICE FLANNEL PINK SPOT ,Garden & Outdoor
21108,FAIRY CAKE FLANNEL ASSORTED COLOUR,Kitchen & Dining
21109,"LARGE CAKE TOWEL, CHOCOLATE SPOTS",Kitchen & Dining
21110,LARGE CAKE TOWEL PINK SPOTS,Kitchen & Dining
21111,"SWISS ROLL TOWEL, CHOCOLATE  SPOTS",Garden & Outdoor
21112,"SWISS ROLL TOWEL, PINK  SPOTS",Garden & Outdoor
21114,LAVENDER SCENTED FABRIC HEART,Home Decor
21115,ROSE CARAVAN DOORSTOP,Home Decor
21116,OWL DOORSTOP,Home Decor
21117,BLOND DOLL DOORSTOP,Toys & Games
21121,SET/10 RED POLKADOT PARTY CANDLES,Home Decor
21122,SET/10 PINK POLKADOT PARTY CANDLES,Home Decor
21123,SET/10 IVORY POLKADOT PARTY CANDLES,Home Decor
21124,SET/10 BLUE POLKADOT PARTY CANDLES,Home Decor
21125,SET 6 FOOTBALL CELEBRATION CANDLES,Home Decor
21126,SET OF 6 GIRLS CELEBRATION CANDLES,Home Decor
21128,GOLD FISHING GNOME,Home Decor
21129,SILVER FISHING GNOME ,Home Decor
21131,GOLD STANDING GNOME,Home Decor
21132,SILVER STANDING GNOME   ,Home Decor
21135,VICTORIAN  METAL POSTCARD SPRING,Stationery & Craft
21136,PAINTED METAL PEARS ASSORTED,Home Decor
21137,BLACK RECORD COVER FRAME,Home Decor
21143,ANTIQUE GLASS HEART DECORATION ,Home Decor
21145,ANTIQUE GLASS PLACE SETTING,Home Decor
21147,JINGLE BELLS TREE DECORATION,Home Decor
21154,RED RETROSPOT OVEN GLOVE ,Garden & Outdoor
21155,RED RETROSPOT PEG BAG,Fashion & Accessories
21156,RETROSPOT CHILDRENS APRON,Toys & Games
21157,RED RETROSPOT WASHBAG,Fashion & Accessories
21158,MOODY GIRL DOOR HANGER ,Home Decor
21159,MOODY BOY  DOOR HANGER ,Home Decor
21161,KEEP OUT BOYS DOOR HANGER ,Home Decor
21162,TOXIC AREA  DOOR HANGER ,Home Decor
21163,DO NOT TOUCH MY STUFF DOOR HANGER ,Home Decor
21164,HOME SWEET HOME METAL SIGN ,Home Decor
21165,BEWARE OF THE CAT METAL SIGN ,Home Decor
21166,COOK WITH WINE METAL SIGN ,Home Decor
21167,WHITE SAGE INCENSE,Home Decor
21169,YOU'RE CONFUSING ME METAL SIGN ,Home Decor
21171,BATHROOM METAL SIGN ,Home Decor
21172,PARTY METAL SIGN ,Home Decor
21174,POTTERING IN THE SHED METAL SIGN,Home Decor
21175,GIN + TONIC DIET METAL SIGN,Home Decor
21179,NO JUNK MAIL METAL SIGN,Home Decor
21181,PLEASE ONE PERSON METAL SIGN,Home Decor
21187,WHITE BELL HONEYCOMB PAPER GARLAND ,Stationery & Craft
21188,3D HEARTS  HONEYCOMB PAPER GARLAND,Stationery & Craft
21189,WHITE HONEYCOMB PAPER GARLAND ,Stationery & Craft
21190,PINK HEARTS PAPER GARLAND,Stationery & Craft
21191,LARGE WHITE HONEYCOMB PAPER BELL  ,Stationery & Craft
21192,WHITE BELL HONEYCOMB PAPER ,Stationery & Craft
21194,PINK  HONEYCOMB PAPER FAN,Stationery & Craft
21195,PINK  HONEYCOMB PAPER BALL ,Stationery & Craft
21196,ROUND WHITE CONFETTI IN TUBE,Home Decor
21197,MULTICOLOUR  CONFETTI IN TUBE,Home Decor
21198,WHITE HEART CONFETTI IN TUBE,Home Decor
21199,PINK  HEART CONFETTI IN TUBE,Home Decor
21200,MULTICOLOUR HONEYCOMB PAPER GARLAND,Stationery & Craft
21201,TROPICAL  HONEYCOMB PAPER GARLAND ,Stationery & Craft
21202,DOLLY HONEYCOMB GARLAND,Toys & Games
21204,DAISIES  HONEYCOMB GARLAND ,Food & Confectionery
21205,MULTICOLOUR 3D BALLS GARLAND,Home Decor
21206,STRAWBERRY HONEYCOMB  GARLAND ,Food & Confectionery
21207,SKULL AND CROSSBONES  GARLAND ,Home Decor
21208,PASTEL COLOUR HONEYCOMB FAN,Food & Confectionery
21209,MULTICOLOUR HONEYCOMB FAN,Food & Confectionery
21210,SET OF 72 RETROSPOT PAPER  DOILIES,Stationery & Craft
21211,SET OF 72 SKULL PAPER  DOILIES,Stationery & Craft
21212,PACK OF 72 RETROSPOT CAKE CASES,Kitchen & Dining
21213,PACK OF 72 SKULL CAKE CASES,Kitchen & Dining
21215,IVORY PAPER CUP CAKE CASES ,Kitchen & Dining
21216,"SET 3 RETROSPOT TEA,COFFEE,SUGAR",Garden & Outdoor
21217,RED RETROSPOT ROUND CAKE TINS,Kitchen & Dining
21218,RED SPOTTY BISCUIT TIN,Garden & Outdoor
21219,SET/4 BADGES BALLOON GIRL,Home Decor
21220,SET/4 BADGES DOGS,Home Decor
21221,SET/4 BADGES CUTE CREATURES,Home Decor
21222,SET/4 BADGES BEETLES,Home Decor
21224,SET/4 SKULL BADGES,Home Decor
21226,POCKET MIRROR WOODLAND,Home Decor
21228,"POCKET MIRROR ""GLAMOROUS""",Home Decor
21231,SWEETHEART CERAMIC TRINKET BOX,Food & Confectionery
21232,STRAWBERRY CERAMIC TRINKET BOX,Home Decor
21238,RED RETROSPOT CUP,Kitchen & Dining
21239,PINK  POLKADOT CUP,Kitchen & Dining
21240,BLUE POLKADOT CUP,Kitchen & Dining
21242,RED RETROSPOT PLATE ,Kitchen & Dining
21243,PINK  POLKADOT PLATE ,Kitchen & Dining
21244,BLUE POLKADOT PLATE ,Kitchen & Dining
21245,GREEN POLKADOT PLATE ,Kitchen & Dining
21246,RED RETROSPOT BIG BOWL,Kitchen & Dining
21248,DOOR HANGER  MUM + DADS ROOM,Home Decor
21249,WOODLAND  HEIGHT CHART STICKERS ,Stationery & Craft
21250,SET OF SKULL WALL STICKERS,Home Decor
21251,DINOSAUR HEIGHT CHART STICKER SET,Stationery & Craft
21253,SET OF PICTURE FRAME  STICKERS,Home Decor
21257,VICTORIAN SEWING BOX MEDIUM,Home Decor
21258,VICTORIAN SEWING BOX LARGE,Home Decor
21259,VICTORIAN SEWING BOX SMALL ,Home Decor
21260,FIRST AID TIN,Home Decor
21261,GREEN GOOSE FEATHER CHRISTMAS TREE ,Seasonal & Gifts
21262,WHITE GOOSE FEATHER CHRISTMAS TREE ,Seasonal & Gifts
21263,GREEN GOOSE FEATHER TREE 60CM,Home Decor
21264,WHITE GOOSE FEATHER TREE 60CM ,Home Decor
21265,PINK GOOSE FEATHER TREE 60CM,Home Decor
21268,VINTAGE BLUE TINSEL REEL,Home Decor
21269,ANTIQUE CREAM CUTLERY SHELF ,Home Decor
21270,ANTIQUE CREAM CUTLERY CUPBOARD,Kitchen & Dining
21272,SALLE DE BAIN HOOK,Home Decor
21275,ZINC TOP  2 DOOR WOODEN SHELF ,Home Decor
21277,FRENCH STYLE EMBOSSED HEART CABINET,Home Decor
21278,VINTAGE KITCHEN PRINT PUDDINGS,Kitchen & Dining
21279,VINTAGE KITCHEN PRINT FRUITS,Kitchen & Dining
21280,VINTAGE KITCHEN PRINT VEGETABLES,Kitchen & Dining
21281,VINTAGE KITCHEN PRINT SEAFOOD,Kitchen & Dining
21284,RETROSPOT CANDLE  SMALL,Home Decor
21285,RETROSPOT CANDLE  MEDIUM,Home Decor
21286,RETROSPOT CANDLE  LARGE,Home Decor
21287,SCENTED VELVET LOUNGE CANDLE ,Home Decor
21288,STRIPEY CHOCOLATE NESTING BOXES,Food & Confectionery
21289,LARGE STRIPES CHOCOLATE GIFT BAG,Seasonal & Gifts
21291,SMALL POLKADOT CHOCOLATE GIFT BAG ,Seasonal & Gifts
21292,SMALL STRIPES CHOCOLATE GIFT BAG ,Seasonal & Gifts
21293,MIRRORED DOVE WALL DECORATION,Home Decor
21294,ETCHED GLASS COASTER,Home Decor
21306,SET/4 DAISY MIRROR MAGNETS,Home Decor
21307,SET/4 BUTTERFLY MIRROR MAGNETS,Home Decor
21310,CAPIZ CHANDELIER,Home Decor
21311,SET/4 BIRD MIRROR MAGNETS ,Home Decor
21313,GLASS HEART T-LIGHT HOLDER ,Home Decor
21314,SMALL GLASS HEART TRINKET POT,Garden & Outdoor
21316,SMALL CHUNKY GLASS ROMAN  BOWL,Kitchen & Dining
21317,GLASS SPHERE CANDLE STAND MEDIUM,Home Decor
21318,GLASS CHALICE BLUE SMALL ,Home Decor
21319,GLASS CHALICE GREEN  SMALL ,Home Decor
21320,GLASS CHALICE GREEN  LARGE ,Home Decor
21324,HANGING MEDINA LANTERN SMALL,Home Decor
21326,AGED GLASS SILVER T-LIGHT HOLDER,Home Decor
21327,SKULLS WRITING SET ,Home Decor
21328,BALLOONS  WRITING SET ,Home Decor
21329,DINOSAURS  WRITING SET ,Home Decor
21331,MOROCCAN BEATEN METAL DISH LARGE,Home Decor
21332,MOROCCAN BEATEN METAL MIRROR,Home Decor
21333,CLASSIC WHITE FRAME,Home Decor
21336,GOLD WASHBAG,Fashion & Accessories
21340,CLASSIC METAL BIRDCAGE PLANT HOLDER,Home Decor
21344,MOROCCAN BEATEN METAL DISH,Home Decor
21348,PINK SPOTS CHOCOLATE NESTING BOXES ,Garden & Outdoor
21349,IVY HEART WREATH,Home Decor
21351,CINAMMON & ORANGE WREATH,Home Decor
21352,EUCALYPTUS & PINECONE  WREATH,Home Decor
21354,TOAST ITS - BEST MUM,Home Decor
21355,TOAST ITS - I LOVE YOU ,Home Decor
21356,TOAST ITS - FAIRY FLOWER,Garden & Outdoor
21357,TOAST ITS - DINOSAUR,Home Decor
21358,TOAST ITS - HAPPY BIRTHDAY,Seasonal & Gifts
21359,RELAX LARGE WOOD LETTERS,Home Decor
21360,JOY LARGE WOOD LETTERS,Home Decor
21361,LOVE LARGE WOOD LETTERS ,Home Decor
21363,HOME SMALL WOOD LETTERS,Home Decor
21364,PEACE SMALL WOOD LETTERS,Home Decor
21365,MIRRORED WALL ART STARS,Home Decor
21366,MIRRORED WALL ART PHOTO FRAMES,Home Decor
21367,MIRRORED WALL ART GENTS,Home Decor
21368,MIRRORED WALL ART LADIES,Home Decor
21369,MIRRORED WALL ART SPLODGES,Home Decor
21370,MIRRORED WALL ART FOXY,Home Decor
21371,MIRRORED WALL ART POPPIES,Home Decor
21372,MIRRORED WALL ART TABLE LAMP,Home Decor
21373,MIRRORED WALL ART SNOWFLAKES,Home Decor
21374,MIRRORED WALL ART SKULLS,Home Decor
21375,LARGE CAMPHOR WOOD FIELD MUSHROOM ,Home Decor
21376,LARGE  TALL CAMPHOR WOOD TOADSTOOL ,Home Decor
21377,SMALL CAMPHOR WOOD FIELD  MUSHROOM,Home Decor
21378,SMALL TALL CAMPHOR WOOD TOADSTOOL,Home Decor
21379,CAMPHOR WOOD PORTOBELLO MUSHROOM,Home Decor
21380,WOODEN HAPPY BIRTHDAY GARLAND,Seasonal & Gifts
21381,MINI WOODEN HAPPY BIRTHDAY GARLAND,Seasonal & Gifts
21382,SET/4 SPRING FLOWER DECORATION,Garden & Outdoor
21383,PACK OF 12 STICKY BUNNIES,Home Decor
21385,IVORY HANGING DECORATION  HEART,Home Decor
21386,IVORY HANGING DECORATION  EGG,Home Decor
21389,IVORY HANGING DECORATION  BIRD,Garden & Outdoor
21390,FILIGRIS HEART WITH BUTTERFLY,Home Decor
21391,FRENCH LAVENDER SCENT HEART,Home Decor
21392,RED POLKADOT PUDDING BOWL,Kitchen & Dining
21393,BLUE POLKADOT PUDDING BOWL,Kitchen & Dining
21394,RED POLKADOT BEAKER ,Home Decor
21395,BLUE POLKADOT BEAKER ,Home Decor
21397,BLUE POLKADOT EGG CUP ,Kitchen & Dining
21398,RED POLKADOT COFFEE  MUG,Kitchen & Dining
21399,BLUE POLKADOT COFFEE MUG,Kitchen & Dining
21400,RED PUDDING SPOON,Kitchen & Dining
21401,BLUE PUDDING SPOON,Kitchen & Dining
21402,RED  EGG  SPOON,Kitchen & Dining
21403,BLUE EGG  SPOON,Kitchen & Dining
21407,BROWN CHECK CAT DOORSTOP ,Home Decor
21408,SPOTTY PINK DUCK DOORSTOP,Garden & Outdoor
21411,GINGHAM HEART  DOORSTOP RED,Home Decor
21413,PERIWINKLE T-LIGHT HOLDER,Home Decor
21414,SCALLOP SHELL SOAP DISH,Home Decor
21415,CLAM SHELL SMALL ,Home Decor
21416,CLAM SHELL LARGE,Home Decor
21417,COCKLE SHELL DISH,Home Decor
21418,STARFISH SOAP DISH,Home Decor
21420,OYSTER TRINKET BOX,Home Decor
21421,PORCELAIN ROSE LARGE ,Home Decor
21422,PORCELAIN ROSE SMALL,Home Decor
21424,WOODLAND STORAGE BOX LARGE ,Home Decor
21425,SKULLS STORAGE BOX LARGE,Home Decor
21426,WOODLAND STORAGE BOX SMALL,Home Decor
21427,SKULLS STORAGE BOX SMALL,Home Decor
21428,SET3 BOOK BOX GREEN GINGHAM FLOWER ,Garden & Outdoor
21429,RED GINGHAM ROSE JEWELLERY BOX,Fashion & Accessories
21430,SET/3 RED GINGHAM ROSE STORAGE BOX,Home Decor
21439,BASKET OF TOADSTOOLS,Home Decor
21441,BLUE BIRDHOUSE DECORATION,Garden & Outdoor
21442,GREEN BIRDHOUSE DECORATION,Garden & Outdoor
21445,12 PINK ROSE PEG PLACE SETTINGS,Home Decor
21446,12 RED ROSE PEG PLACE SETTINGS,Home Decor
21447,12 IVORY ROSE PEG PLACE SETTINGS,Home Decor
21448,12 DAISY PEGS IN WOOD BOX,Home Decor
21452,TOADSTOOL MONEY BOX,Home Decor
21454,PAINTED PINK RABBIT ,Home Decor
21455,PAINTED YELLOW WOODEN DAISY,Home Decor
21456,2 PICTURE BOOK EGGS EASTER CHICKS,Seasonal & Gifts
21457,2 PICTURE BOOK EGGS EASTER DUCKS,Seasonal & Gifts
21458,2 PICTURE BOOK EGGS EASTER BUNNY,Seasonal & Gifts
21459,YELLOW EASTER EGG HUNT START POST,Seasonal & Gifts
21460,GREEN EASTER EGG HUNT START POST,Seasonal & Gifts
21461,BLUE EASTER EGG HUNT START POST,Seasonal & Gifts
21462,"NURSERY A,B,C PAINTED LETTERS",Home Decor
21463,MIRRORED DISCO BALL ,Home Decor
21464,DISCO BALL ROTATOR BATTERY OPERATED,Home Decor
21465,PINK FLOWER CROCHET FOOD COVER,Garden & Outdoor
21466,RED FLOWER CROCHET FOOD COVER,Garden & Outdoor
21467,CHERRY CROCHET FOOD COVER,Food & Confectionery
21468,BUTTERFLY CROCHET FOOD COVER,Food & Confectionery
21469,POLKA DOT RAFFIA FOOD COVER,Food & Confectionery
21470,FLOWER VINE RAFFIA FOOD COVER,Garden & Outdoor
21471,STRAWBERRY RAFFIA FOOD COVER,Food & Confectionery
21472,LADYBIRD + BEE RAFFIA FOOD COVER,Garden & Outdoor
21473,SWEETHEART CREAM STEEL TABLE RECT,Food & Confectionery
21476,STEEL SWEETHEART ROUND TABLE CREAM,Food & Confectionery
21479,WHITE SKULL HOT WATER BOTTLE ,Home Decor
21481,FAWN BLUE HOT WATER BOTTLE,Home Decor
21484,CHICK GREY HOT WATER BOTTLE,Home Decor
21485,RETROSPOT HEART HOT WATER BOTTLE,Garden & Outdoor
21486,PINK HEART DOTS HOT WATER BOTTLE,Home Decor
21488,RED WHITE SCARF  HOT WATER BOTTLE,Fashion & Accessories
21494,ROTATING LEAVES T-LIGHT HOLDER,Home Decor
21495,SKULLS AND CROSSBONES WRAP,Seasonal & Gifts
21497,FANCY FONTS BIRTHDAY WRAP,Seasonal & Gifts
21498,RED RETROSPOT WRAP ,Seasonal & Gifts
21499,BLUE POLKADOT WRAP,Seasonal & Gifts
21500,PINK POLKADOT WRAP ,Seasonal & Gifts
21503,TOYBOX  WRAP ,Seasonal & Gifts
21504,SKULLS GREETING CARD,Stationery & Craft
21506,"FANCY FONT BIRTHDAY CARD, ",Seasonal & Gifts
21507,"ELEPHANT, BIRTHDAY CARD, ",Seasonal & Gifts
21508,VINTAGE KID DOLLY CARD ,Toys & Games
21509,COWBOYS AND INDIANS BIRTHDAY CARD ,Seasonal & Gifts
21518,BANK ACCOUNT  GREETING  CARD ,Stationery & Craft
21519,GIN & TONIC DIET GREETING CARD ,Stationery & Craft
21520,BOOZE & WOMEN GREETING CARD ,Stationery & Craft
21523,DOORMAT FANCY FONT HOME SWEET HOME,Food & Confectionery
21524,DOORMAT SPOTTY HOME SWEET HOME,Garden & Outdoor
21527,RED RETROSPOT TRADITIONAL TEAPOT ,Kitchen & Dining
21528,DAIRY MAID TRADITIONAL TEAPOT ,Kitchen & Dining
21530,DAIRY MAID TOASTRACK,Home Decor
21531,RED RETROSPOT SUGAR JAM BOWL,Kitchen & Dining
21533,RETROSPOT LARGE MILK JUG,Kitchen & Dining
21534,DAIRY MAID LARGE MILK JUG,Kitchen & Dining
21535,RED RETROSPOT SMALL MILK JUG,Kitchen & Dining
21537,RED RETROSPOT PUDDING BOWL,Kitchen & Dining
21538,DAIRY MAID  PUDDING BOWL,Kitchen & Dining
21539,RED RETROSPOT BUTTER DISH,Garden & Outdoor
21544,SKULLS  WATER TRANSFER TATTOOS ,Home Decor
21547,CERAMIC BIRDHOUSE CRESTED TIT SMALL,Garden & Outdoor
21555,CERAMIC STRAWBERRY TRINKET TRAY,Home Decor
21556,CERAMIC STRAWBERRY MONEY BOX,Home Decor
21557,SET OF 6 FUNKY BEAKERS,Home Decor
21558,SKULL LUNCH BOX WITH CUTLERY ,Home Decor
21559,STRAWBERRY LUNCH BOX WITH CUTLERY,Home Decor
21561,DINOSAUR LUNCH BOX WITH CUTLERY,Home Decor
21562,HAWAIIAN GRASS SKIRT ,Home Decor
21563,RED HEART SHAPE LOVE BUCKET ,Home Decor
21564,PINK  HEART SHAPE LOVE BUCKET ,Home Decor
21576,LETS GO SHOPPING COTTON TOTE BAG,Fashion & Accessories
21577,SAVE THE PLANET COTTON TOTE BAG,Fashion & Accessories
21578,WOODLAND DESIGN  COTTON TOTE BAG,Home Decor
21579,LOLITA  DESIGN  COTTON TOTE BAG,Home Decor
21580,RABBIT  DESIGN  COTTON TOTE BAG,Home Decor
21581,SKULLS  DESIGN  COTTON TOTE BAG,Home Decor
21584,RETROSPOT SMALL TUBE MATCHES,Garden & Outdoor
21586,KINGS CHOICE GIANT TUBE MATCHES,Home Decor
21587,COSY HOUR GIANT TUBE MATCHES,Home Decor
21588,RETROSPOT GIANT TUBE MATCHES,Garden & Outdoor
21591,COSY HOUR CIGAR BOX MATCHES ,Home Decor
21592,RETROSPOT CIGAR BOX MATCHES ,Garden & Outdoor
21609,SET 12 LAVENDER  BOTANICAL T-LIGHTS,Home Decor
21613,S/12 VANILLA  BOTANICAL T-LIGHTS,Home Decor
21614,SET OF 12 ROSE BOTANICAL T-LIGHTS,Home Decor
21615,4 LAVENDER BOTANICAL DINNER CANDLES,Home Decor
21616,4 PEAR BOTANICAL DINNER CANDLES,Home Decor
21617,4 LILY  BOTANICAL DINNER CANDLES,Home Decor
21618,4 WILDFLOWER BOTANICAL CANDLES,Home Decor
21619,4 VANILLA BOTANICAL CANDLES,Home Decor
21620,SET OF 4 ROSE BOTANICAL CANDLES,Home Decor
21621,VINTAGE UNION JACK BUNTING,Home Decor
21622,VINTAGE UNION JACK CUSHION COVER,Home Decor
21623,VINTAGE UNION JACK MEMOBOARD,Home Decor
21624,VINTAGE UNION JACK DOORSTOP,Home Decor
21625,VINTAGE UNION JACK APRON,Home Decor
21626,VINTAGE UNION JACK PENNANT,Stationery & Craft
21627,ELEPHANT CARNIVAL POUFFE,Home Decor
21628,TRIANGULAR POUFFE VINTAGE ,Home Decor
21629,SQUARE FLOOR CUSHION VINTAGE RED,Home Decor
21630,FLOOR CUSHION ELEPHANT CARNIVAL,Home Decor
21631,HIPPY CHIC DECORATIVE PARASOL,Home Decor
21632,VINTAGE PINK DECORATIVE PARASOL,Home Decor
21633,SUNFLOWER DECORATIVE PARASOL,Garden & Outdoor
21634,ASSORTED MINI MADRAS NOTEBOOK,Stationery & Craft
21635,MADRAS NOTEBOOK LARGE ,Stationery & Craft
21636,MADRAS NOTEBOOK MEDIUM,Stationery & Craft
21637,ASSORTED SANSKRIT MINI NOTEBOOK,Stationery & Craft
21638,ASSORTED TUTTI FRUTTI NOTEBOOK,Stationery & Craft
21640,ASSORTED TUTTI FRUTTI  FOB NOTEBOOK,Stationery & Craft
21641,ASSORTED TUTTI FRUTTI KEYRING BALL,Home Decor
21642,ASSORTED TUTTI FRUTTI PEN,Stationery & Craft
21643,ASSORTED TUTTI FRUTTI MIRROR,Home Decor
21644,ASSORTED TUTTI FRUTTI HEART BOX,Home Decor
21647,ASSORTED TUTTI FRUTTI LARGE PURSE,Fashion & Accessories
21648,ASSORTED TUTTI FRUTTI SMALL PURSE,Fashion & Accessories
21650,ASSORTED TUTTI FRUTTI BRACELET,Fashion & Accessories
21651,HANGING GLASS ETCHED TEALIGHT,Home Decor
21654,RIDGED GLASS FINGER BOWL,Kitchen & Dining
21655,HANGING RIDGE GLASS T-LIGHT HOLDER,Home Decor
21656,RIDGED GLASS POSY VASE ,Home Decor
21657,MILK BOTTLE WITH GLASS STOPPER ,Home Decor
21658,GLASS  BEURRE DISH,Home Decor
21661,VINTAGE GLASS TEA CADDY,Food & Confectionery
21662,VINTAGE GLASS COFFEE CADDY,Food & Confectionery
21664,RIDGED GLASS STORAGE JAR CREAM LID,Kitchen & Dining
21666,RIDGED GLASS T-LIGHT HOLDER,Home Decor
21667,GLASS CAKE COVER AND PLATE,Kitchen & Dining
21668,RED STRIPE CERAMIC DRAWER KNOB,Home Decor
21669,BLUE STRIPE CERAMIC DRAWER KNOB,Home Decor
21670,BLUE SPOT CERAMIC DRAWER KNOB,Garden & Outdoor
21671,RED SPOT CERAMIC DRAWER KNOB,Garden & Outdoor
21672,WHITE SPOT RED CERAMIC DRAWER KNOB,Garden & Outdoor
21673,WHITE SPOT BLUE CERAMIC DRAWER KNOB,Garden & Outdoor
21675,BUTTERFLIES STICKERS,Stationery & Craft
21676,FLOWERS  STICKERS,Stationery & Craft
21677,HEARTS  STICKERS,Stationery & Craft
21678,PAISLEY PATTERN  STICKERS,Stationery & Craft
21679,SKULLS  STICKERS,Stationery & Craft
21680,WOODLAND  STICKERS,Stationery & Craft
21681,GIANT MEDINA STAMPED METAL BOWL ,Kitchen & Dining
21682,LARGE MEDINA STAMPED METAL BOWL ,Kitchen & Dining
21683,MEDIUM MEDINA STAMPED METAL BOWL ,Kitchen & Dining
21684,SMALL MEDINA STAMPED METAL BOWL ,Kitchen & Dining
21686,MEDINA STAMPED METAL STOOL,Stationery & Craft
21688,SILVER PLATE CANDLE BOWL SMALL,Home Decor
21689,SILVER VANILLA  FLOWER CANDLE POT,Home Decor
21690,SILVER  CANDLEPOT JARDIN ,Home Decor
21692,SILVER LATTICE VANILLA CANDLE POT,Home Decor
21693,SMALL HAMMERED SILVER CANDLEPOT ,Home Decor
21694,SMALL REGAL  SILVER CANDLEPOT ,Home Decor
21695,SMALL SILVER FLOWER CANDLE POT,Home Decor
21696,SMALL SILVER TRELLIS CANDLEPOT,Home Decor
21698,MOCK LOBSTER FRIDGE MAGNET,Home Decor
21700,BIG DOUGHNUT FRIDGE MAGNETS,Home Decor
21703,BAG 125g SWIRLY MARBLES,Fashion & Accessories
21704,BAG 250g SWIRLY MARBLES,Fashion & Accessories
21705,BAG 500g SWIRLY MARBLES,Fashion & Accessories
21706,FOLDING UMBRELLA RED/WHITE POLKADOT,Fashion & Accessories
21707,FOLDING UMBRELLA BLACKBLUE POLKADOT,Fashion & Accessories
21708,FOLDING UMBRELLA CREAM POLKADOT,Fashion & Accessories
21709,FOLDING UMBRELLA CHOCOLATE POLKADOT,Fashion & Accessories
21710,FOLDING UMBRELLA PINKWHITE POLKADOT,Fashion & Accessories
21711,FOLDING UMBRELLA WHITE/RED POLKADOT,Fashion & Accessories
21713,CITRONELLA CANDLE FLOWERPOT,Home Decor
21714,CITRONELLA CANDLE GARDEN POT,Home Decor
21715,GIRLS VINTAGE TIN SEASIDE BUCKET,Home Decor
21716,BOYS VINTAGE TIN SEASIDE BUCKET,Home Decor
21717,EASTER TIN BUCKET,Seasonal & Gifts
21718,RED METAL BEACH SPADE ,Home Decor
21719,LOVELY BONBON STICKER SHEET,Stationery & Craft
21720,CAKE SHOP  STICKER SHEET,Kitchen & Dining
21721,CANDY SHOP  STICKER SHEET,Stationery & Craft
21722,SWEET PUDDING STICKER SHEET,Stationery & Craft
21723,ALPHABET HEARTS STICKER SHEET,Stationery & Craft
21724,PANDA AND BUNNIES STICKER SHEET,Stationery & Craft
21725,SWEETIES  STICKERS,Stationery & Craft
21726,MULTI HEARTS  STICKERS,Stationery & Craft
21730,GLASS STAR FROSTED T-LIGHT HOLDER,Home Decor
21731,RED TOADSTOOL LED NIGHT LIGHT,Home Decor
21733,RED HANGING HEART T-LIGHT HOLDER,Home Decor
21735,TWO DOOR CURIO CABINET,Home Decor
21736,GOLD SCROLL GLASS T-LIGHT HOLDER,Home Decor
21738,COSY SLIPPER SHOES SMALL  RED ,Home Decor
21739,COSY SLIPPER SHOES SMALL GREEN,Home Decor
21741,COSY SLIPPER SHOES LARGE GREEN,Home Decor
21742,LARGE ROUND WICKER PLATTER ,Home Decor
21743,STAR PORTABLE TABLE LIGHT ,Home Decor
21744,SNOWFLAKE PORTABLE TABLE LIGHT ,Home Decor
21745,GAOLERS KEYS DECORATIVE GARDEN ,Garden & Outdoor
21746,SMALL RED RETROSPOT WINDMILL,Garden & Outdoor
21747,SMALL SKULL WINDMILL,Home Decor
21749,LARGE RED RETROSPOT WINDMILL,Garden & Outdoor
21750,LARGE SKULL WINDMILL,Home Decor
21754,HOME BUILDING BLOCK WORD,Home Decor
21755,LOVE BUILDING BLOCK WORD,Home Decor
21756,BATH BUILDING BLOCK WORD,Home Decor
21757,LIGHTHOUSE PRINTED METAL SIGN,Home Decor
21758,VINTAGE SHELLS PRINT,Home Decor
21761,WOOD AND GLASS MEDICINE CABINET,Home Decor
21763,VINTAGE WOODEN BAR STOOL,Home Decor
21769,VINTAGE POST OFFICE CABINET,Home Decor
21770,OPEN CLOSED METAL SIGN,Home Decor
21773,DECORATIVE ROSE BATHROOM BOTTLE,Home Decor
21774,DECORATIVE CATS BATHROOM BOTTLE,Home Decor
21775,DECORATIVE FLORE BATHROOM BOTTLE,Home Decor
21777,RECIPE BOX WITH METAL HEART,Home Decor
21781,MA CAMPAGNE CUTLERY BOX,Home Decor
21784,SHOE SHINE BOX ,Home Decor
21785,RAIN PONCHO ,Home Decor
21786,POLKADOT RAIN HAT ,Home Decor
21787,RAIN PONCHO RETROSPOT,Garden & Outdoor
21788,KIDS RAIN MAC BLUE,Toys & Games
21789,KIDS RAIN MAC PINK,Toys & Games
21790,VINTAGE SNAP CARDS,Stationery & Craft
21791,VINTAGE HEADS AND TAILS CARD GAME ,Toys & Games
21792,CLASSIC FRENCH STYLE BASKET GREEN ,Home Decor
21793,CLASSIC FRENCH STYLE BASKET BROWN,Home Decor
21794,CLASSIC FRENCH STYLE BASKET NATURAL,Home Decor
21801,CHRISTMAS TREE DECORATION WITH BELL,Seasonal & Gifts
21802,CHRISTMAS TREE HEART DECORATION,Seasonal & Gifts
21803,CHRISTMAS TREE STAR DECORATION,Seasonal & Gifts
21804,WHITE CHRISTMAS GARLAND STARS TREES,Seasonal & Gifts
21807,WHITE CHRISTMAS STAR DECORATION,Seasonal & Gifts
21808,"CHRISTMAS GARLAND STARS,TREES",Seasonal & Gifts
21809,CHRISTMAS HANGING TREE WITH BELL,Seasonal & Gifts
21810,CHRISTMAS HANGING STAR WITH BELL,Seasonal & Gifts
21811,CHRISTMAS HANGING HEART WITH BELL,Seasonal & Gifts
21812,GARLAND WITH HEARTS AND BELLS,Home Decor
21813,GARLAND WITH STARS AND BELLS,Home Decor
21814,HEART T-LIGHT HOLDER ,Home Decor
21815,STAR  T-LIGHT HOLDER ,Home Decor
21816,CHRISTMAS TREE T-LIGHT HOLDER,Home Decor
21817,GLITTER CHRISTMAS TREE,Seasonal & Gifts
21818,GLITTER CHRISTMAS HEART ,Seasonal & Gifts
21819,GLITTER CHRISTMAS STAR ,Seasonal & Gifts
21820,GLITTER HEART GARLAND WITH BELLS ,Home Decor
21821,GLITTER STAR GARLAND WITH BELLS ,Home Decor
21822,GLITTER CHRISTMAS TREE WITH BELLS,Seasonal & Gifts
21823,PAINTED METAL HEART WITH HOLLY BELL,Home Decor
21824,PAINTED METAL STAR WITH HOLLY BELLS,Home Decor
21826,EIGHT PIECE DINOSAUR SET,Home Decor
21827,EIGHT PIECE CREEPY CRAWLIE SET,Home Decor
21828,EIGHT PIECE SNAKE  SET,Home Decor
21829,DINOSAUR KEYRINGS ASSORTED,Home Decor
21830,ASSORTED CREEPY CRAWLIES,Home Decor
21832,CHOCOLATE CALCULATOR,Food & Confectionery
21833,CAMOUFLAGE LED TORCH,Home Decor
21836,GINGHAM OVEN GLOVE RED HEART ,Home Decor
21839,MUMMY MOUSE RED GINGHAM RIBBON,Home Decor
21841,BABY MOUSE RED GINGHAM DRESS,Home Decor
21843,RED RETROSPOT CAKE STAND,Kitchen & Dining
21844,RED RETROSPOT MUG,Kitchen & Dining
21845,DAIRY MAID STRIPE MUG,Kitchen & Dining
21846,PINK DIAMANTE PEN IN GIFT BOX,Seasonal & Gifts
21847,GREEN  DIAMANTE PEN IN GIFT BOX,Seasonal & Gifts
21849,SILVER DIAMANTE PEN IN GIFT BOX,Seasonal & Gifts
21850,BLUE  DIAMANTE PEN IN GIFT BOX,Seasonal & Gifts
21851,LILAC DIAMANTE PEN IN GIFT BOX,Seasonal & Gifts
21864,UNION JACK FLAG PASSPORT COVER ,Home Decor
21865,PINK UNION JACK  PASSPORT COVER ,Home Decor
21866,UNION JACK FLAG LUGGAGE TAG,Home Decor
21867,PINK UNION JACK  LUGGAGE TAG,Home Decor
21868,POTTING SHED TEA MUG,Kitchen & Dining
21870,I CAN ONLY PLEASE ONE PERSON MUG,Kitchen & Dining
21871,SAVE THE PLANET MUG,Kitchen & Dining
21872,GLAMOROUS  MUG,Kitchen & Dining
21873,IF YOU CAN'T STAND THE HEAT MUG,Kitchen & Dining
21874,GIN AND TONIC MUG,Kitchen & Dining
21875,KINGS CHOICE MUG,Kitchen & Dining
21876,POTTERING MUG,Kitchen & Dining
21877,HOME SWEET HOME MUG,Kitchen & Dining
21878,PACK OF 6 SANDCASTLE FLAGS ASSORTED,Home Decor
21879,HEARTS GIFT TAPE,Seasonal & Gifts
21880,RED RETROSPOT TAPE,Stationery & Craft
21881,CUTE CATS TAPE,Stationery & Craft
21882,SKULLS TAPE,Stationery & Craft
21883,STARS GIFT TAPE ,Seasonal & Gifts
21884,CAKES AND BOWS GIFT  TAPE,Kitchen & Dining
21888,BINGO SET,Home Decor
21889,WOODEN BOX OF DOMINOES,Home Decor
21890,S/6 WOODEN SKITTLES IN COTTON BAG,Fashion & Accessories
21891,TRADITIONAL WOODEN SKIPPING ROPE,Home Decor
21892,TRADITIONAL WOODEN CATCH CUP GAME ,Kitchen & Dining
21894,POTTING SHED SEED ENVELOPES,Garden & Outdoor
21895,POTTING SHED SOW 'N' GROW SET,Garden & Outdoor
21896,POTTING SHED TWINE,Garden & Outdoor
21897,POTTING SHED CANDLE CITRONELLA,Home Decor
21898,POTTING SHED ROSE CANDLE,Home Decor
21899,"KEY FOB , GARAGE DESIGN",Home Decor
21900,"KEY FOB , SHED",Home Decor
21901,"KEY FOB , BACK DOOR ",Home Decor
21902,"KEY FOB , FRONT  DOOR ",Home Decor
21903,MAN FLU METAL SIGN,Home Decor
21904,HOUSE WRECKING METAL SIGN ,Home Decor
21905,MORE BUTTER METAL SIGN ,Home Decor
21906,PHARMACIE FIRST AID TIN,Home Decor
21907,I'M ON HOLIDAY METAL SIGN,Home Decor
21908,CHOCOLATE THIS WAY METAL SIGN,Home Decor
21910,WAY OUT METAL SIGN ,Home Decor
21911,GARDEN METAL SIGN ,Home Decor
21912,VINTAGE SNAKES & LADDERS,Home Decor
21913,VINTAGE SEASIDE JIGSAW PUZZLES,Toys & Games
21914,BLUE HARMONICA IN BOX ,Home Decor
21915,RED  HARMONICA IN BOX ,Home Decor
21916,SET 12 RETRO WHITE CHALK STICKS,Home Decor
21917,SET 12 KIDS  WHITE CHALK STICKS,Toys & Games
21918,SET 12 KIDS COLOUR  CHALK STICKS,Toys & Games
21922,UNION STRIPE WITH FRINGE  HAMMOCK,Home Decor
21925,UNION STRIPE CUSHION COVER ,Home Decor
21926,RED/CREAM STRIPE CUSHION COVER ,Home Decor
21927,BLUE/CREAM STRIPE CUSHION COVER ,Home Decor
21928,JUMBO BAG SCANDINAVIAN PAISLEY,Fashion & Accessories
21929,JUMBO BAG PINK VINTAGE PAISLEY,Fashion & Accessories
21930,JUMBO STORAGE BAG SKULLS,Fashion & Accessories
21931,JUMBO STORAGE BAG SUKI,Fashion & Accessories
21932,SCANDINAVIAN PAISLEY PICNIC BAG,Fashion & Accessories
21933,PINK VINTAGE PAISLEY PICNIC BAG,Fashion & Accessories
21934,SKULL SHOULDER BAG,Fashion & Accessories
21935,SUKI  SHOULDER BAG,Fashion & Accessories
21936,RED RETROSPOT PICNIC BAG,Fashion & Accessories
21937,STRAWBERRY   PICNIC BAG,Fashion & Accessories
21942,SKULLS DESIGN FLANNEL,Home Decor
21943,CAKES AND RABBITS DESIGN FLANNEL ,Home Decor
21944,KITTENS DESIGN FLANNEL,Home Decor
21945,STRAWBERRIES  DESIGN FLANNEL ,Home Decor
21946,PARTY TIME DESIGN FLANNEL,Home Decor
21947,SET OF 6 HEART CHOPSTICKS,Home Decor
21948,SET OF 6 CAKE CHOPSTICKS,Kitchen & Dining
21949,SET OF 6 STRAWBERRY CHOPSTICKS,Home Decor
21955,DOORMAT UNION JACK GUNS AND ROSES,Home Decor
21967,PACK OF 12 SKULL TISSUES,Home Decor
21972,SET OF 36 DINOSAUR PAPER DOILIES,Stationery & Craft
21973,SET OF 36 MUSHROOM PAPER DOILIES,Stationery & Craft
21974,SET OF 36 PAISLEY FLOWER DOILIES,Garden & Outdoor
21975,PACK OF 60 DINOSAUR CAKE CASES,Kitchen & Dining
21976,PACK OF 60 MUSHROOM CAKE CASES,Kitchen & Dining
21977,PACK OF 60 PINK PAISLEY CAKE CASES,Kitchen & Dining
21980,PACK OF 12 RED RETROSPOT TISSUES ,Garden & Outdoor
21981,PACK OF 12 WOODLAND TISSUES ,Home Decor
21982,PACK OF 12 SUKI TISSUES ,Home Decor
21983,PACK OF 12 BLUE PAISLEY TISSUES ,Home Decor
21984,PACK OF 12 PINK PAISLEY TISSUES ,Home Decor
21985,PACK OF 12 HEARTS DESIGN TISSUES ,Home Decor
21986,PACK OF 12 PINK POLKADOT TISSUES,Home Decor
21987,PACK OF 6 SKULL PAPER CUPS,Kitchen & Dining
21988,PACK OF 6 SKULL PAPER PLATES,Kitchen & Dining
21989,PACK OF 20 SKULL PAPER NAPKINS,Stationery & Craft
21990,MODERN FLORAL STATIONERY SET,Home Decor
21991,BOHEMIAN COLLAGE STATIONERY SET,Home Decor
21992,VINTAGE PAISLEY STATIONERY SET,Home Decor
21993,FLORAL FOLK STATIONERY SET,Home Decor
22021,BLUE FELT EASTER EGG BASKET,Seasonal & Gifts
22023,EMPIRE BIRTHDAY CARD,Seasonal & Gifts
22024,RAINY LADIES BIRTHDAY CARD,Seasonal & Gifts
22025,RING OF ROSES BIRTHDAY CARD,Seasonal & Gifts
22026,BANQUET BIRTHDAY  CARD  ,Seasonal & Gifts
22027,TEA PARTY BIRTHDAY CARD,Seasonal & Gifts
22028,PENNY FARTHING BIRTHDAY CARD,Seasonal & Gifts
22029,SPACEBOY BIRTHDAY CARD,Seasonal & Gifts
22030,SWALLOWS GREETING CARD,Home Decor
22031,BOTANICAL LAVENDER BIRTHDAY CARD,Seasonal & Gifts
22032,BOTANICAL LILY GREETING CARD,Stationery & Craft
22033,BOTANICAL ROSE GREETING CARD,Stationery & Craft
22034,ROBIN CHRISTMAS CARD,Seasonal & Gifts
22035,VINTAGE CARAVAN GREETING CARD ,Stationery & Craft
22037,ROBOT BIRTHDAY CARD,Seasonal & Gifts
22038,BOTANICAL LAVENDER GIFT WRAP ,Seasonal & Gifts
22039,BOTANICAL LILY GIFT WRAP,Seasonal & Gifts
22040,BOTANICAL ROSE GIFT WRAP,Seasonal & Gifts
22041,"RECORD FRAME 7"" SINGLE SIZE ",Home Decor
22042,CHRISTMAS CARD SINGING ANGEL,Seasonal & Gifts
22043,CHRISTMAS CARD SCREEN PRINT ,Seasonal & Gifts
22044,CHRISTMAS CARD STACK OF PRESENTS,Seasonal & Gifts
22045,SPACEBOY GIFT WRAP,Seasonal & Gifts
22046,TEA PARTY  WRAPPING PAPER ,Seasonal & Gifts
22047,EMPIRE GIFT WRAP,Seasonal & Gifts
22048,BIRTHDAY BANQUET GIFT WRAP,Seasonal & Gifts
22049,WRAP CHRISTMAS SCREEN PRINT,Seasonal & Gifts
22050,PINK PAISLEY ROSE GIFT WRAP,Seasonal & Gifts
22051,BLUE SCANDINAVIAN PAISLEY WRAP,Seasonal & Gifts
22052,VINTAGE CARAVAN GIFT WRAP,Seasonal & Gifts
22053,EMPIRE DESIGN ROSETTE,Home Decor
22055,MINI CAKE STAND  HANGING STRAWBERY,Kitchen & Dining
22057,CERAMIC PLATE STRAWBERRY DESIGN,Home Decor
22059,CERAMIC STRAWBERRY DESIGN MUG,Home Decor
22060,LARGE CAKE STAND HANGING HEARTS,Kitchen & Dining
22061,LARGE CAKE STAND  HANGING STRAWBERY,Kitchen & Dining
22062,CERAMIC BOWL WITH LOVE HEART DESIGN,Home Decor
22063,CERAMIC BOWL WITH STRAWBERRY DESIGN,Home Decor
22064,PINK DOUGHNUT TRINKET POT ,Garden & Outdoor
22065,CHRISTMAS PUDDING TRINKET POT ,Seasonal & Gifts
22066,LOVE HEART TRINKET POT,Garden & Outdoor
22067,CHOC TRUFFLE GOLD TRINKET POT ,Garden & Outdoor
22068,BLACK PIRATE TREASURE CHEST,Home Decor
22069,BROWN  PIRATE TREASURE CHEST ,Home Decor
22070,SMALL RED RETROSPOT MUG IN BOX ,Kitchen & Dining
22071,SMALL WHITE RETROSPOT MUG IN BOX ,Kitchen & Dining
22072,RED RETROSPOT TEA CUP AND SAUCER ,Kitchen & Dining
22073,RED RETROSPOT STORAGE JAR,Kitchen & Dining
22074,6 RIBBONS SHIMMERING PINKS ,Home Decor
22075,6 RIBBONS ELEGANT CHRISTMAS ,Seasonal & Gifts
22076,6 RIBBONS EMPIRE  ,Home Decor
22077,6 RIBBONS RUSTIC CHARM,Home Decor
22078,RIBBON REEL LACE DESIGN ,Home Decor
22079,RIBBON REEL HEARTS DESIGN ,Home Decor
22080,RIBBON REEL POLKADOTS ,Home Decor
22081,RIBBON REEL FLORA + FAUNA ,Home Decor
22082,RIBBON REEL STRIPES DESIGN ,Home Decor
22083,PAPER CHAIN KIT RETROSPOT,Stationery & Craft
22084,PAPER CHAIN KIT EMPIRE,Stationery & Craft
22085,PAPER CHAIN KIT SKULLS ,Stationery & Craft
22086,PAPER CHAIN KIT 50'S CHRISTMAS ,Seasonal & Gifts
22087,PAPER BUNTING WHITE LACE,Stationery & Craft
22088,PAPER BUNTING COLOURED LACE,Stationery & Craft
22089,PAPER BUNTING VINTAGE PAISLEY,Stationery & Craft
22090,PAPER BUNTING RETROSPOT,Stationery & Craft
22091,EMPIRE TISSUE BOX,Home Decor
22092,BLUE PAISLEY TISSUE BOX,Home Decor
22093,MOTORING TISSUE BOX,Home Decor
22094,RED RETROSPOT TISSUE BOX,Garden & Outdoor
22095,LADS ONLY TISSUE BOX,Home Decor
22096,PINK PAISLEY SQUARE TISSUE BOX ,Home Decor
22097,SWALLOW SQUARE TISSUE BOX,Home Decor
22098,BOUDOIR SQUARE TISSUE BOX,Home Decor
22099,CARAVAN SQUARE TISSUE BOX,Home Decor
22100,SKULLS SQUARE TISSUE BOX,Home Decor
22101,MIRROR MOSAIC VOTIVE HOLDER,Home Decor
22102,MIRROR MOSAIC T-LIGHT HOLDER ,Home Decor
22103,MIRROR MOSAIC T-LIGHT HOLDER ROUND,Home Decor
22104,MIRROR MOSAIC CANDLE PLATE,Home Decor
22105,MIRROR MOSAIC GOBLET CANDLE HOLDER,Home Decor
22106,MIRROR MOSAIC HURRICANE LAMP ,Home Decor
22107,PIZZA PLATE IN BOX,Kitchen & Dining
22108,PING! MICROWAVE PLATE,Kitchen & Dining
22109,FULL ENGLISH BREAKFAST PLATE,Kitchen & Dining
22110,BIRD HOUSE HOT WATER BOTTLE,Garden & Outdoor
22111,SCOTTIE DOG HOT WATER BOTTLE,Home Decor
22112,CHOCOLATE HOT WATER BOTTLE,Food & Confectionery
22113,GREY HEART HOT WATER BOTTLE,Home Decor
22114,HOT WATER BOTTLE TEA AND SYMPATHY,Food & Confectionery
22115,METAL SIGN EMPIRE TEA,Home Decor
22116,METAL SIGN HIS DINNER IS SERVED,Home Decor
22117,METAL SIGN HER DINNER IS SERVED ,Home Decor
22118,JOY WOODEN BLOCK LETTERS,Home Decor
22119,PEACE WOODEN BLOCK LETTERS,Home Decor
22120,WELCOME  WOODEN BLOCK LETTERS,Home Decor
22121,NOEL WOODEN BLOCK LETTERS ,Home Decor
22123,PING MICROWAVE APRON,Home Decor
22124,SET OF 2 TEA TOWELS PING MICROWAVE,Food & Confectionery
22125,UNION JACK HOT WATER BOTTLE ,Home Decor
22127,PARTY CONES CARNIVAL ASSORTED,Home Decor
22128,PARTY CONES CANDY ASSORTED,Home Decor
22129,PARTY CONES CANDY TREE DECORATION,Home Decor
22130,PARTY CONE CHRISTMAS DECORATION ,Seasonal & Gifts
22131,FOOD CONTAINER SET 3 LOVE HEART ,Food & Confectionery
22132,RED LOVE HEART SHAPE CUP,Kitchen & Dining
22133,PINK LOVE HEART SHAPE CUP,Kitchen & Dining
22134,LADLE LOVE HEART RED ,Home Decor
22135,LADLE LOVE HEART PINK,Home Decor
22136,LOVE HEART SOCK HANGER,Home Decor
22137,BATHROOM SET LOVE HEART DESIGN,Home Decor
22138,BAKING SET 9 PIECE RETROSPOT ,Garden & Outdoor
22139,RETROSPOT TEA SET CERAMIC 11 PC ,Garden & Outdoor
22141,CHRISTMAS CRAFT TREE TOP ANGEL,Seasonal & Gifts
22142,CHRISTMAS CRAFT WHITE FAIRY ,Seasonal & Gifts
22144,CHRISTMAS CRAFT LITTLE FRIENDS,Seasonal & Gifts
22145,CHRISTMAS CRAFT HEART STOCKING ,Seasonal & Gifts
22146,EASTER CRAFT IVY WREATH WITH CHICK,Seasonal & Gifts
22147,FELTCRAFT BUTTERFLY HEARTS,Stationery & Craft
22148,EASTER CRAFT 4 CHICKS ,Seasonal & Gifts
22149,FELTCRAFT 6 FLOWER FRIENDS,Stationery & Craft
22150,3 STRIPEY MICE FELTCRAFT,Stationery & Craft
22151,PLACE SETTING WHITE HEART,Home Decor
22152,PLACE SETTING WHITE STAR,Home Decor
22153,ANGEL DECORATION STARS ON DRESS,Home Decor
22154,ANGEL DECORATION 3 BUTTONS ,Home Decor
22155,STAR DECORATION RUSTIC,Home Decor
22156,HEART DECORATION WITH PEARLS ,Home Decor
22157,ANGEL DECORATION WITH LACE PADDED,Home Decor
22158,3 HEARTS HANGING DECORATION RUSTIC,Home Decor
22161,HEART DECORATION RUSTIC HANGING ,Home Decor
22162,HEART GARLAND RUSTIC PADDED,Home Decor
22163,HEART STRING MEMO HOLDER HANGING,Home Decor
22164,STRING OF STARS CARD HOLDER,Home Decor
22165,"DIAMANTE HEART SHAPED WALL MIRROR, ",Home Decor
22166,WALL MIRROR RECTANGLE DIAMANTE PINK,Home Decor
22167, OVAL WALL MIRROR DIAMANTE ,Home Decor
22168,ORGANISER WOOD ANTIQUE WHITE ,Home Decor
22169,FAMILY ALBUM WHITE PICTURE FRAME,Home Decor
22170,PICTURE FRAME WOOD TRIPLE PORTRAIT,Home Decor
22171,3 HOOK PHOTO SHELF ANTIQUE WHITE,Home Decor
22173,METAL 4 HOOK HANGER FRENCH CHATEAU,Food & Confectionery
22174,PHOTO CUBE,Home Decor
22175,PINK OWL SOFT TOY,Toys & Games
22176,BLUE OWL SOFT TOY,Toys & Games
22178,VICTORIAN GLASS HANGING T-LIGHT,Home Decor
22179,SET 10 LIGHTS NIGHT OWL,Home Decor
22180,RETROSPOT LAMP,Garden & Outdoor
22181,SNOWSTORM PHOTO FRAME FRIDGE MAGNET,Home Decor
22182,CAKE STAND VICTORIAN FILIGREE SMALL,Kitchen & Dining
22183,CAKE STAND VICTORIAN FILIGREE MED,Kitchen & Dining
22184,CAKE STAND VICTORIAN FILIGREE LARGE,Kitchen & Dining
22185,SLATE TILE NATURAL HANGING,Home Decor
22186,RED STAR CARD HOLDER,Home Decor
22187,GREEN CHRISTMAS TREE CARD HOLDER,Home Decor
22188,BLACK HEART CARD HOLDER,Home Decor
22189,CREAM HEART CARD HOLDER,Home Decor
22190,LOCAL CAFE MUG,Kitchen & Dining
22191,IVORY DINER WALL CLOCK,Home Decor
22192,BLUE DINER WALL CLOCK,Home Decor
22193,RED DINER WALL CLOCK,Home Decor
22194,BLACK DINER WALL CLOCK,Home Decor
22195,LARGE HEART MEASURING SPOONS,Kitchen & Dining
22196,SMALL HEART MEASURING SPOONS,Kitchen & Dining
22197,SMALL POPCORN HOLDER,Home Decor
22198,LARGE POPCORN HOLDER ,Home Decor
22199,FRYING PAN RED RETROSPOT,Garden & Outdoor
22200,FRYING PAN PINK POLKADOT,Home Decor
22201,FRYING PAN BLUE POLKADOT,Home Decor
22202,MILK PAN PINK POLKADOT,Home Decor
22203,MILK PAN RED RETROSPOT,Garden & Outdoor
22204,MILK PAN BLUE POLKADOT,Home Decor
22207,FRYING PAN UNION FLAG,Home Decor
22208,WOOD STAMP SET THANK YOU,Stationery & Craft
22209,WOOD STAMP SET HAPPY BIRTHDAY,Seasonal & Gifts
22210,WOOD STAMP SET BEST WISHES,Stationery & Craft
22211,WOOD STAMP SET FLOWERS,Stationery & Craft
22212,FOUR HOOK  WHITE LOVEBIRDS,Garden & Outdoor
22214,CANDLE PLATE LACE WHITE,Home Decor
22215,CAKE STAND WHITE TWO TIER LACE,Kitchen & Dining
22216,T-LIGHT HOLDER WHITE LACE,Home Decor
22217,T-LIGHT HOLDER HANGING LACE,Home Decor
22218,CAKE STAND LACE WHITE,Kitchen & Dining
22219,LOVEBIRD HANGING DECORATION WHITE ,Garden & Outdoor
22220,CAKE STAND LOVEBIRD 2 TIER WHITE,Kitchen & Dining
22221,CAKE STAND LOVEBIRD 2 TIER PINK,Kitchen & Dining
22222,CAKE PLATE LOVEBIRD WHITE,Kitchen & Dining
22223,CAKE PLATE LOVEBIRD PINK,Kitchen & Dining
22224,WHITE LOVEBIRD LANTERN,Home Decor
22227,HANGING HEART MIRROR DECORATION ,Home Decor
22228,BUNNY WOODEN PAINTED WITH BIRD ,Garden & Outdoor
22229,BUNNY WOODEN PAINTED WITH FLOWER ,Garden & Outdoor
22230,JIGSAW TREE WITH WATERING CAN,Garden & Outdoor
22231,JIGSAW TREE WITH BIRDHOUSE,Garden & Outdoor
22232,JIGSAW TOADSTOOLS 3 PIECE,Home Decor
22233,JIGSAW RABBIT AND BIRDHOUSE,Garden & Outdoor
22236,CAKE STAND 3 TIER MAGIC GARDEN,Kitchen & Dining
22241,GARLAND WOODEN HAPPY EASTER,Seasonal & Gifts
22242,5 HOOK HANGER MAGIC TOADSTOOL,Home Decor
22243,5 HOOK HANGER RED MAGIC TOADSTOOL,Home Decor
22244,3 HOOK HANGER MAGIC GARDEN,Garden & Outdoor
22245,"HOOK, 1 HANGER ,MAGIC GARDEN",Garden & Outdoor
22246,"GARLAND, MAGIC GARDEN 1.8M",Garden & Outdoor
22247,BUNNY DECORATION MAGIC GARDEN,Garden & Outdoor
22248,DECORATION  PINK CHICK MAGIC GARDEN,Garden & Outdoor
22249,DECORATION WHITE CHICK MAGIC GARDEN,Garden & Outdoor
22250,DECORATION  BUTTERFLY  MAGIC GARDEN,Garden & Outdoor
22251,BIRDHOUSE DECORATION MAGIC GARDEN,Garden & Outdoor
22252,BIRDCAGE DECORATION TEALIGHT HOLDER,Home Decor
22254,FELT TOADSTOOL LARGE,Home Decor
22255,FELT TOADSTOOL  SMALL,Home Decor
22256,FELT FARM ANIMAL CHICKEN,Home Decor
22257,FELT FARM ANIMAL SHEEP,Home Decor
22258,FELT FARM ANIMAL RABBIT,Home Decor
22259,FELT FARM ANIMAL HEN,Home Decor
22260,FELT EGG COSY BLUE RABBIT ,Home Decor
22261,FELT EGG COSY WHITE RABBIT ,Home Decor
22262,FELT EGG COSY CHICKEN,Home Decor
22263,FELT EGG COSY LADYBIRD ,Garden & Outdoor
22264,FELT FARM ANIMAL WHITE BUNNY ,Home Decor
22265,EASTER DECORATION NATURAL CHICK,Seasonal & Gifts
22266,EASTER DECORATION HANGING BUNNY,Seasonal & Gifts
22267,EASTER DECORATION EGG BUNNY ,Seasonal & Gifts
22268,EASTER DECORATION SITTING BUNNY,Seasonal & Gifts
22269,EGG CUP NATURAL CHICKEN,Kitchen & Dining
22270,HAPPY EASTER HANGING DECORATION,Seasonal & Gifts
22271,FELTCRAFT DOLL ROSIE,Toys & Games
22272,FELTCRAFT DOLL MARIA,Toys & Games
22273,FELTCRAFT DOLL MOLLY,Toys & Games
22274,FELTCRAFT DOLL EMILY,Toys & Games
22275,WEEKEND BAG VINTAGE ROSE PAISLEY,Fashion & Accessories
22276,WASH BAG VINTAGE ROSE PAISLEY,Fashion & Accessories
22277,COSMETIC BAG VINTAGE ROSE PAISLEY,Fashion & Accessories
22278,OVERNIGHT BAG VINTAGE ROSE PAISLEY,Fashion & Accessories
22279,POCKET BAG BLUE PAISLEY RED SPOT,Fashion & Accessories
22280,POCKET BAG PINK PAISELY BROWN SPOT,Fashion & Accessories
22281,EASTER TREE YELLOW BIRDS,Seasonal & Gifts
22282,12 EGG HOUSE PAINTED WOOD,Home Decor
22283,6 EGG HOUSE PAINTED WOOD,Home Decor
22284,HEN HOUSE DECORATION,Home Decor
22285,"DECORATION HEN ON NEST, HANGING",Home Decor
22286,"DECORATION , WOBBLY RABBIT , METAL ",Home Decor
22287,"DECORATION , WOBBLY CHICKEN, METAL ",Home Decor
22288,HANGING METAL RABBIT DECORATION,Home Decor
22289,HANGING METAL CHICKEN DECORATION,Home Decor
22291,HANGING CHICK CREAM DECORATION,Home Decor
22292,HANGING CHICK  YELLOW DECORATION,Home Decor
22293,HANGING CHICK GREEN DECORATION,Home Decor
22294,HEART FILIGREE DOVE  SMALL,Home Decor
22295,HEART FILIGREE DOVE LARGE,Home Decor
22296,HEART IVORY TRELLIS LARGE,Home Decor
22297,HEART IVORY TRELLIS SMALL,Home Decor
22299,PIG KEYRING WITH LIGHT & SOUND ,Home Decor
22300,COFFEE MUG DOG + BALL DESIGN,Home Decor
22301,COFFEE MUG CAT + BIRD DESIGN,Home Decor
22302,COFFEE MUG PEARS  DESIGN,Home Decor
22303,COFFEE MUG APPLES DESIGN,Home Decor
22304,COFFEE MUG BLUE PAISLEY DESIGN,Home Decor
22305,COFFEE MUG PINK PAISLEY DESIGN,Home Decor
22306,SILVER MUG BONE CHINA TREE OF LIFE,Kitchen & Dining
22307,GOLD MUG BONE CHINA TREE OF LIFE,Kitchen & Dining
22308,TEA COSY BLUE STRIPE,Food & Confectionery
22309,TEA COSY RED  STRIPE,Food & Confectionery
22310,IVORY KNITTED MUG COSY ,Kitchen & Dining
22311,OFFICE MUG WARMER BLACK+SILVER ,Kitchen & Dining
22312,OFFICE MUG WARMER POLKADOT,Kitchen & Dining
22313,OFFICE MUG WARMER PINK,Kitchen & Dining
22314,OFFICE MUG WARMER CHOC+BLUE,Kitchen & Dining
22315,200 RED + WHITE BENDY STRAWS,Home Decor
22316,200 BENDY SKULL STRAWS,Home Decor
22317,FIVE CATS HANGING DECORATION,Home Decor
22318,FIVE HEART HANGING DECORATION,Home Decor
22319,HAIRCLIPS FORTIES FABRIC ASSORTED,Home Decor
22320,BIRDS MOBILE VINTAGE DESIGN,Home Decor
22321,BIRD DECORATION RED RETROSPOT,Garden & Outdoor
22322,BIRD DECORATION GREEN POLKADOT,Garden & Outdoor
22323,PINK POLKADOT KIDS BAG,Toys & Games
22324,BLUE POLKADOT KIDS BAG,Toys & Games
22325,MOBILE VINTAGE HEARTS ,Home Decor
22326,ROUND SNACK BOXES SET OF4 WOODLAND ,Home Decor
22327,ROUND SNACK BOXES SET OF 4 SKULLS,Home Decor
22328,ROUND SNACK BOXES SET OF 4 FRUITS ,Home Decor
22329,ROUND CONTAINER SET OF 5 RETROSPOT,Garden & Outdoor
22331,WOODLAND PARTY BAG + STICKER SET,Stationery & Craft
22332,SKULLS PARTY BAG + STICKER SET,Stationery & Craft
22333,RETROSPOT PARTY BAG + STICKER SET,Stationery & Craft
22334,DINOSAUR PARTY BAG + STICKER SET,Stationery & Craft
22335,HEART DECORATION PAINTED ZINC ,Home Decor
22336,DOVE DECORATION PAINTED ZINC ,Home Decor
22337,ANGEL DECORATION PAINTED ZINC ,Home Decor
22338,STAR DECORATION PAINTED ZINC ,Home Decor
22339,CHRISTMAS TREE PAINTED ZINC ,Seasonal & Gifts
22340,NOEL GARLAND PAINTED ZINC ,Home Decor
22341,LOVE GARLAND PAINTED ZINC ,Home Decor
22342,HOME GARLAND PAINTED ZINC ,Home Decor
22343,PARTY PIZZA DISH RED RETROSPOT,Garden & Outdoor
22344,PARTY PIZZA DISH PINK POLKADOT,Home Decor
22345,PARTY PIZZA DISH BLUE POLKADOT,Home Decor
22346,PARTY PIZZA DISH GREEN POLKADOT,Home Decor
22348,TEA BAG PLATE RED RETROSPOT,Kitchen & Dining
22349,DOG BOWL CHASING BALL DESIGN,Home Decor
22350,ILLUSTRATED CAT BOWL ,Kitchen & Dining
22351,DOTCOMGIFTSHOP TEA TOWEL,Seasonal & Gifts
22352,LUNCH BOX WITH CUTLERY RETROSPOT ,Garden & Outdoor
22353,LUNCH BOX WITH CUTLERY FAIRY CAKES ,Kitchen & Dining
22354,RETROSPOT PADDED SEAT CUSHION,Garden & Outdoor
22355,CHARLOTTE BAG SUKI DESIGN,Home Decor
22356,CHARLOTTE BAG PINK POLKADOT,Fashion & Accessories
22357,KINGS CHOICE BISCUIT TIN,Food & Confectionery
22358,KINGS CHOICE TEA CADDY ,Food & Confectionery
22359,GLASS JAR KINGS CHOICE,Kitchen & Dining
22360,GLASS JAR ENGLISH CONFECTIONERY,Kitchen & Dining
22361,GLASS JAR DAISY FRESH COTTON WOOL,Kitchen & Dining
22362,GLASS JAR PEACOCK BATH SALTS,Kitchen & Dining
22363,GLASS JAR MARMALADE ,Kitchen & Dining
22364,GLASS JAR DIGESTIVE BISCUITS,Kitchen & Dining
22365,DOORMAT RESPECTABLE HOUSE,Home Decor
22366,DOORMAT AIRMAIL ,Home Decor
22367,CHILDRENS APRON SPACEBOY DESIGN,Home Decor
22371,AIRLINE BAG VINTAGE TOKYO 78,Fashion & Accessories
22372,AIRLINE BAG VINTAGE WORLD CHAMPION ,Fashion & Accessories
22374,AIRLINE BAG VINTAGE JET SET RED,Fashion & Accessories
22375,AIRLINE BAG VINTAGE JET SET BROWN,Fashion & Accessories
22376,AIRLINE BAG VINTAGE JET SET WHITE,Fashion & Accessories
22377,BOTTLE BAG RETROSPOT ,Fashion & Accessories
22378,WALL TIDY RETROSPOT ,Home Decor
22379,RECYCLING BAG RETROSPOT ,Fashion & Accessories
22380,TOY TIDY SPACEBOY  ,Toys & Games
22381,TOY TIDY PINK POLKADOT,Toys & Games
22382,LUNCH BAG SPACEBOY DESIGN ,Home Decor
22383,LUNCH BAG SUKI  DESIGN ,Home Decor
22384,LUNCH BAG PINK POLKADOT,Fashion & Accessories
22385,JUMBO BAG SPACEBOY DESIGN,Home Decor
22386,JUMBO BAG PINK POLKADOT,Fashion & Accessories
22389,PAPERWEIGHT SAVE THE PLANET,Stationery & Craft
22390,PAPERWEIGHT CHILDHOOD MEMORIES,Stationery & Craft
22391,PAPERWEIGHT HOME SWEET HOME,Stationery & Craft
22393,PAPERWEIGHT VINTAGE COLLAGE,Stationery & Craft
22394,PAPERWEIGHT KINGS CHOICE ,Stationery & Craft
22395,PAPERWEIGHT VINTAGE PAISLEY,Stationery & Craft
22396,MAGNETS PACK OF 4 RETRO PHOTO,Home Decor
22398,MAGNETS PACK OF 4 SWALLOWS,Home Decor
22399,MAGNETS PACK OF 4 CHILDHOOD MEMORY,Home Decor
22400,MAGNETS PACK OF 4 HOME SWEET HOME,Food & Confectionery
22402,MAGNETS PACK OF 4 VINTAGE COLLAGE,Home Decor
22403,MAGNETS PACK OF 4 VINTAGE LABELS ,Home Decor
22405,MONEY BOX POCKET MONEY DESIGN,Home Decor
22406,MONEY BOX KINGS CHOICE DESIGN,Home Decor
22407,MONEY BOX FIRST ADE DESIGN,Home Decor
22408,MONEY BOX CONFECTIONERY DESIGN,Home Decor
22409,MONEY BOX BISCUITS DESIGN,Home Decor
22410,MONEY BOX HOUSEKEEPING DESIGN,Home Decor
22411,JUMBO SHOPPER VINTAGE RED PAISLEY,Home Decor
22412,METAL SIGN NEIGHBOURHOOD WITCH ,Home Decor
22413,METAL SIGN TAKE IT OR LEAVE IT ,Home Decor
22414,DOORMAT NEIGHBOURHOOD WITCH ,Home Decor
22415,WHITE TISSUE REAM,Home Decor
22416,SET OF 36 DOILIES SPACEBOY DESIGN ,Home Decor
22417,PACK OF 60 SPACEBOY CAKE CASES,Kitchen & Dining
22418,10 COLOUR SPACEBOY PEN,Stationery & Craft
22419,LIPSTICK PEN RED,Stationery & Craft
22420,LIPSTICK PEN BABY PINK,Stationery & Craft
22421,LIPSTICK PEN FUSCHIA,Stationery & Craft
22422,TOOTHPASTE TUBE PEN,Stationery & Craft
22423,REGENCY CAKESTAND 3 TIER,Kitchen & Dining
22424,ENAMEL BREAD BIN CREAM,Home Decor
22425,ENAMEL COLANDER CREAM,Home Decor
22426,ENAMEL WASH BOWL CREAM,Kitchen & Dining
22427,ENAMEL FLOWER JUG CREAM,Kitchen & Dining
22428,ENAMEL FIRE BUCKET CREAM,Home Decor
22429,ENAMEL MEASURING JUG CREAM,Kitchen & Dining
22430,ENAMEL WATERING CAN CREAM,Garden & Outdoor
22431,WATERING CAN BLUE ELEPHANT,Garden & Outdoor
22432,WATERING CAN PINK BUNNY,Garden & Outdoor
22433,WATERING CAN GREEN DINOSAUR,Garden & Outdoor
22434,BALLOON PUMP WITH 10 BALLOONS,Home Decor
22435,SET OF 9 HEART SHAPED BALLOONS,Home Decor
22436,12 COLOURED PARTY BALLOONS,Home Decor
22437,SET OF 9 BLACK SKULL BALLOONS,Home Decor
22438,BALLOON ART MAKE YOUR OWN FLOWERS,Garden & Outdoor
22439,6 ROCKET BALLOONS ,Home Decor
22440,BALLOON WATER BOMB PACK OF 35,Home Decor
22441,GROW YOUR OWN BASIL IN ENAMEL MUG,Kitchen & Dining
22442,GROW YOUR OWN FLOWERS SET OF 3,Garden & Outdoor
22443,GROW YOUR OWN HERBS SET OF 3,Home Decor
22444,GROW YOUR OWN PLANT IN A CAN ,Garden & Outdoor
22445,PENCIL CASE LIFE IS BEAUTIFUL,Stationery & Craft
22446,PIN CUSHION BABUSHKA PINK,Home Decor
22447,PIN CUSHION BABUSHKA BLUE,Home Decor
22448,PIN CUSHION BABUSHKA RED,Home Decor
22449,SILK PURSE BABUSHKA PINK,Fashion & Accessories
22450,SILK PURSE BABUSHKA BLUE,Fashion & Accessories
22451,SILK PURSE BABUSHKA RED,Fashion & Accessories
22452,MEASURING TAPE BABUSHKA PINK,Stationery & Craft
22453,MEASURING TAPE BABUSHKA BLUE,Stationery & Craft
22454,MEASURING TAPE BABUSHKA RED,Stationery & Craft
22456,NATURAL SLATE CHALKBOARD LARGE ,Home Decor
22457,NATURAL SLATE HEART CHALKBOARD ,Home Decor
22458,CAST IRON HOOK GARDEN FORK,Garden & Outdoor
22459,CAST IRON HOOK GARDEN TROWEL,Garden & Outdoor
22460,EMBOSSED GLASS TEALIGHT HOLDER,Home Decor
22461,SAVOY ART DECO CLOCK,Home Decor
22464,HANGING METAL HEART LANTERN,Home Decor
22465,HANGING METAL STAR LANTERN,Home Decor
22466,FAIRY TALE COTTAGE NIGHTLIGHT,Home Decor
22467,GUMBALL COAT RACK,Home Decor
22468,BABUSHKA LIGHTS STRING OF 10,Home Decor
22469,HEART OF WICKER SMALL,Home Decor
22470,HEART OF WICKER LARGE,Home Decor
22471,TV DINNER TRAY AIR HOSTESS ,Home Decor
22472,TV DINNER TRAY DOLLY GIRL,Toys & Games
22473,TV DINNER TRAY VINTAGE PAISLEY,Home Decor
22474,SPACEBOY TV DINNER TRAY,Home Decor
22475,SKULL DESIGN TV DINNER TRAY,Home Decor
22476,EMPIRE UNION JACK TV DINNER TRAY,Home Decor
22477,WATERING CAN GARDEN MARKER,Garden & Outdoor
22478,BIRDHOUSE GARDEN MARKER ,Garden & Outdoor
22479,DAISY GARDEN MARKER,Garden & Outdoor
22480,RED TEA TOWEL CLASSIC DESIGN,Home Decor
22481,BLACK TEA TOWEL CLASSIC DESIGN,Home Decor
22482,BLUE TEA TOWEL CLASSIC DESIGN,Home Decor
22483,RED GINGHAM TEDDY BEAR ,Toys & Games
22485,SET OF 2 WOODEN MARKET CRATES,Home Decor
22486,PLASMATRONIC LAMP,Home Decor
22487,WHITE WOOD GARDEN PLANT LADDER,Garden & Outdoor
22488,NATURAL SLATE RECTANGLE CHALKBOARD,Home Decor
22489,PACK OF 12 TRADITIONAL CRAYONS,Home Decor
22491,PACK OF 12 COLOURED PENCILS,Stationery & Craft
22492,MINI PAINT SET VINTAGE ,Home Decor
22493,PAINT YOUR OWN CANVAS SET,Home Decor
22494,EMERGENCY FIRST AID TIN ,Home Decor
22495,SET OF 2 ROUND TINS CAMEMBERT ,Home Decor
22496,SET OF 2 ROUND TINS DUTCH CHEESE,Home Decor
22497,SET OF 2 TINS VINTAGE BATHROOM ,Home Decor
22498,WOODEN REGATTA BUNTING,Home Decor
22499,WOODEN UNION JACK BUNTING,Home Decor
22500,SET OF 2 TINS JARDIN DE PROVENCE,Kitchen & Dining
22501,PICNIC BASKET WICKER LARGE,Home Decor
22502,PICNIC BASKET WICKER SMALL,Home Decor
22503,CABIN BAG VINTAGE PAISLEY,Fashion & Accessories
22504,CABIN BAG VINTAGE RETROSPOT,Fashion & Accessories
22505,MEMO BOARD COTTAGE DESIGN,Home Decor
22507,MEMO BOARD RETROSPOT  DESIGN,Home Decor
22508,DOORSTOP RETROSPOT HEART,Garden & Outdoor
22509,SEWING BOX RETROSPOT DESIGN ,Home Decor
22510,GINGHAM BABUSHKA DOORSTOP,Home Decor
22511,RETROSPOT BABUSHKA DOORSTOP,Garden & Outdoor
22512,DOORSTOP RACING CAR DESIGN,Home Decor
22513,DOORSTOP FOOTBALL DESIGN,Home Decor
22514,CHILDS GARDEN SPADE BLUE,Garden & Outdoor
22515,CHILDS GARDEN SPADE PINK,Garden & Outdoor
22516,CHILDS GARDEN RAKE BLUE,Garden & Outdoor
22517,CHILDS GARDEN RAKE PINK,Garden & Outdoor
22518,CHILDS GARDEN BRUSH BLUE,Garden & Outdoor
22519,CHILDS GARDEN BRUSH PINK,Garden & Outdoor
22520,CHILDS GARDEN TROWEL BLUE ,Garden & Outdoor
22521,CHILDS GARDEN TROWEL PINK,Garden & Outdoor
22522,CHILDS GARDEN FORK BLUE ,Garden & Outdoor
22523,CHILDS GARDEN FORK PINK,Garden & Outdoor
22524,CHILDRENS GARDEN GLOVES BLUE,Toys & Games
22525,CHILDRENS GARDEN GLOVES PINK,Toys & Games
22526,WHEELBARROW FOR CHILDREN ,Toys & Games
22529,MAGIC DRAWING SLATE GO TO THE FAIR ,Home Decor
22530,MAGIC DRAWING SLATE DOLLY GIRL ,Toys & Games
22531,MAGIC DRAWING SLATE CIRCUS PARADE  ,Home Decor
22532,MAGIC DRAWING SLATE LEAP FROG ,Home Decor
22533,MAGIC DRAWING SLATE BAKE A CAKE ,Kitchen & Dining
22534,MAGIC DRAWING SLATE SPACEBOY ,Home Decor
22535,MAGIC DRAWING SLATE BUNNIES ,Home Decor
22536,MAGIC DRAWING SLATE PURDEY,Home Decor
22537,MAGIC DRAWING SLATE DINOSAUR,Home Decor
22538,MINI JIGSAW GO TO THE FAIR,Home Decor
22539,MINI JIGSAW DOLLY GIRL,Toys & Games
22540,MINI JIGSAW CIRCUS PARADE ,Home Decor
22541,MINI JIGSAW LEAP FROG,Home Decor
22543,MINI JIGSAW BAKE A CAKE ,Kitchen & Dining
22544,MINI JIGSAW SPACEBOY,Home Decor
22545,MINI JIGSAW BUNNIES,Home Decor
22546,MINI JIGSAW PURDEY,Home Decor
22547,MINI JIGSAW DINOSAUR ,Home Decor
22548,HEADS AND TAILS SPORTING FUN,Home Decor
22549,PICTURE DOMINOES,Home Decor
22550,HOLIDAY FUN LUDO,Home Decor
22551,PLASTERS IN TIN SPACEBOY,Home Decor
22553,PLASTERS IN TIN SKULLS,Home Decor
22554,PLASTERS IN TIN WOODLAND ANIMALS,Home Decor
22555,PLASTERS IN TIN STRONGMAN,Home Decor
22556,PLASTERS IN TIN CIRCUS PARADE ,Home Decor
22557,PLASTERS IN TIN VINTAGE PAISLEY ,Home Decor
22558,CLOTHES PEGS RETROSPOT PACK 24 ,Garden & Outdoor
22559,SEASIDE FLYING DISC,Home Decor
22560,TRADITIONAL MODELLING CLAY,Home Decor
22561,WOODEN SCHOOL COLOURING SET,Home Decor
22562,MONSTERS STENCIL CRAFT,Stationery & Craft
22563,HAPPY STENCIL CRAFT,Stationery & Craft
22564,ALPHABET STENCIL CRAFT,Stationery & Craft
22565,FELTCRAFT HAIRBANDS PINK AND WHITE ,Stationery & Craft
22566,FELTCRAFT HAIRBAND PINK AND PURPLE,Stationery & Craft
22567,20 DOLLY PEGS RETROSPOT,Toys & Games
22568,FELTCRAFT CUSHION OWL,Stationery & Craft
22569,FELTCRAFT CUSHION BUTTERFLY,Stationery & Craft
22570,FELTCRAFT CUSHION RABBIT,Stationery & Craft
22571,ROCKING HORSE RED CHRISTMAS ,Seasonal & Gifts
22572,ROCKING HORSE GREEN CHRISTMAS ,Seasonal & Gifts
22573,STAR WOODEN CHRISTMAS DECORATION,Seasonal & Gifts
22574,HEART WOODEN CHRISTMAS DECORATION,Seasonal & Gifts
22575,METAL MERRY CHRISTMAS WREATH,Seasonal & Gifts
22576,SWALLOW WOODEN CHRISTMAS DECORATION,Home Decor
22577,WOODEN HEART CHRISTMAS SCANDINAVIAN,Seasonal & Gifts
22578,WOODEN STAR CHRISTMAS SCANDINAVIAN,Seasonal & Gifts
22579,WOODEN TREE CHRISTMAS SCANDINAVIAN,Seasonal & Gifts
22580,ADVENT CALENDAR GINGHAM SACK,Home Decor
22581,WOOD STOCKING CHRISTMAS SCANDISPOT,Seasonal & Gifts
22582,PACK OF 6 SWEETIE GIFT BOXES,Seasonal & Gifts
22583,PACK OF 6 HANDBAG GIFT BOXES,Seasonal & Gifts
22584,PACK OF 6 PANNETONE GIFT BOXES,Seasonal & Gifts
22585,PACK OF 6 BIRDY GIFT TAGS,Seasonal & Gifts
22586,FELTCRAFT HAIRBAND PINK AND BLUE,Stationery & Craft
22587,FELTCRAFT HAIRBAND RED AND BLUE,Stationery & Craft
22588,CARD HOLDER GINGHAM HEART,Home Decor
22589,CARDHOLDER GINGHAM STAR,Home Decor
22591,CARDHOLDER GINGHAM CHRISTMAS TREE,Home Decor
22592,CARDHOLDER HOLLY WREATH METAL,Home Decor
22593,CHRISTMAS GINGHAM STAR,Seasonal & Gifts
22594,CHRISTMAS GINGHAM TREE,Seasonal & Gifts
22595,CHRISTMAS GINGHAM HEART,Seasonal & Gifts
22596,CHRISTMAS STAR WISH LIST CHALKBOARD,Seasonal & Gifts
22597,CHRISTMAS MUSICAL ZINC HEART ,Seasonal & Gifts
22598,CHRISTMAS MUSICAL ZINC TREE,Seasonal & Gifts
22599,CHRISTMAS MUSICAL ZINC STAR,Seasonal & Gifts
22600,CHRISTMAS RETROSPOT STAR WOOD,Seasonal & Gifts
22601,CHRISTMAS RETROSPOT ANGEL WOOD,Seasonal & Gifts
22602,CHRISTMAS RETROSPOT HEART WOOD,Seasonal & Gifts
22603,CHRISTMAS RETROSPOT TREE WOOD,Seasonal & Gifts
22604,SET OF 4 NAPKIN CHARMS CUTLERY,Home Decor
22605,WOODEN CROQUET GARDEN SET,Garden & Outdoor
22606,WOODEN SKITTLES GARDEN SET,Garden & Outdoor
22607,WOODEN ROUNDERS GARDEN SET ,Garden & Outdoor
22608,PENS ASSORTED FUNKY JEWELED ,Stationery & Craft
22609,PENS ASSORTED SPACEBALL,Stationery & Craft
22610,PENS ASSORTED FUNNY FACE,Stationery & Craft
22611,VINTAGE UNION JACK SHOPPING BAG,Fashion & Accessories
22613,PACK OF 20 SPACEBOY NAPKINS,Home Decor
22614,PACK OF 12 SPACEBOY TISSUES,Home Decor
22615,PACK OF 12 CIRCUS PARADE TISSUES ,Home Decor
22616,PACK OF 12 LONDON TISSUES ,Home Decor
22617,BAKING SET SPACEBOY DESIGN,Home Decor
22618,COOKING SET RETROSPOT,Garden & Outdoor
22619,SET OF 6 SOLDIER SKITTLES,Home Decor
22620,4 TRADITIONAL SPINNING TOPS,Home Decor
22621,TRADITIONAL KNITTING NANCY,Home Decor
22622,BOX OF VINTAGE ALPHABET BLOCKS,Home Decor
22623,BOX OF VINTAGE JIGSAW BLOCKS ,Home Decor
22624,IVORY KITCHEN SCALES,Kitchen & Dining
22625,RED KITCHEN SCALES,Kitchen & Dining
22626,BLACK KITCHEN SCALES,Kitchen & Dining
22627,MINT KITCHEN SCALES,Kitchen & Dining
22628,PICNIC BOXES SET OF 3 RETROSPOT ,Garden & Outdoor
22629,SPACEBOY LUNCH BOX ,Home Decor
22630,DOLLY GIRL LUNCH BOX,Toys & Games
22631,CIRCUS PARADE LUNCH BOX ,Home Decor
22632,HAND WARMER RED POLKA DOT,Home Decor
22633,HAND WARMER UNION JACK,Home Decor
22634,CHILDS BREAKFAST SET SPACEBOY ,Home Decor
22635,CHILDS BREAKFAST SET DOLLY GIRL ,Toys & Games
22636,CHILDS BREAKFAST SET CIRCUS PARADE,Home Decor
22637,PIGGY BANK RETROSPOT ,Garden & Outdoor
22638,SET OF 4 NAPKIN CHARMS CROWNS ,Home Decor
22639,SET OF 4 NAPKIN CHARMS HEARTS,Home Decor
22640,SET OF 4 NAPKIN CHARMS 3 KEYS ,Home Decor
22641,SET OF 4 NAPKIN CHARMS INSTRUMENT,Home Decor
22642,SET OF 4 NAPKIN CHARMS STARS   ,Home Decor
22643,SET OF 4 NAPKIN CHARMS LEAVES   ,Home Decor
22644,CERAMIC CHERRY CAKE MONEY BANK,Kitchen & Dining
22645,CERAMIC HEART FAIRY CAKE MONEY BANK,Kitchen & Dining
22646,CERAMIC STRAWBERRY CAKE MONEY BANK,Kitchen & Dining
22647,CERAMIC LOVE HEART MONEY BANK,Home Decor
22649,STRAWBERRY FAIRY CAKE TEAPOT,Kitchen & Dining
22650,CERAMIC PIRATE CHEST MONEY BANK,Home Decor
22651,GENTLEMAN SHIRT REPAIR KIT ,Home Decor
22652,TRAVEL SEWING KIT,Home Decor
22653,BUTTON BOX ,Home Decor
22654,DELUXE SEWING KIT ,Home Decor
22655,VINTAGE RED KITCHEN CABINET,Kitchen & Dining
22656,VINTAGE BLUE KITCHEN CABINET,Kitchen & Dining
22659,LUNCH BOX I LOVE LONDON,Home Decor
22660,DOORMAT I LOVE LONDON,Home Decor
22661,CHARLOTTE BAG DOLLY GIRL DESIGN,Home Decor
22662,LUNCH BAG DOLLY GIRL DESIGN,Home Decor
22663,JUMBO BAG DOLLY GIRL DESIGN,Home Decor
22664,TOY TIDY DOLLY GIRL DESIGN,Home Decor
22665,RECIPE BOX BLUE SKETCHBOOK DESIGN,Home Decor
22666,RECIPE BOX PANTRY YELLOW DESIGN,Home Decor
22667,RECIPE BOX RETROSPOT ,Garden & Outdoor
22668,PINK BABY BUNTING,Home Decor
22669,RED BABY BUNTING ,Home Decor
22670,FRENCH WC SIGN BLUE METAL,Home Decor
22671,FRENCH LAUNDRY SIGN BLUE METAL,Home Decor
22672,FRENCH BATHROOM SIGN BLUE METAL,Home Decor
22673,FRENCH GARDEN SIGN BLUE METAL,Home Decor
22674,FRENCH TOILET SIGN BLUE METAL,Home Decor
22675,FRENCH KITCHEN SIGN BLUE METAL,Home Decor
22676,FRENCH BLUE METAL DOOR SIGN 1,Home Decor
22677,FRENCH BLUE METAL DOOR SIGN 2,Home Decor
22678,FRENCH BLUE METAL DOOR SIGN 3,Home Decor
22679,FRENCH BLUE METAL DOOR SIGN 4,Home Decor
22680,FRENCH BLUE METAL DOOR SIGN 5,Home Decor
22681,FRENCH BLUE METAL DOOR SIGN 6,Home Decor
22682,FRENCH BLUE METAL DOOR SIGN 7,Home Decor
22683,FRENCH BLUE METAL DOOR SIGN 8,Home Decor
22684,FRENCH BLUE METAL DOOR SIGN 9,Home Decor
22685,FRENCH BLUE METAL DOOR SIGN 0,Home Decor
22686,FRENCH BLUE METAL DOOR SIGN No,Home Decor
22687,DOORMAT CHRISTMAS VILLAGE,Seasonal & Gifts
22688,DOORMAT PEACE ON EARTH BLUE,Home Decor
22689,DOORMAT MERRY CHRISTMAS RED ,Seasonal & Gifts
22690,DOORMAT HOME SWEET HOME BLUE ,Food & Confectionery
22691,DOORMAT WELCOME SUNRISE,Home Decor
22692,DOORMAT WELCOME TO OUR HOME,Home Decor
22693,GROW A FLYTRAP OR SUNFLOWER IN TIN,Garden & Outdoor
22694,WICKER STAR ,Home Decor
22695,WICKER WREATH SMALL,Home Decor
22696,WICKER WREATH LARGE,Home Decor
22697,GREEN REGENCY TEACUP AND SAUCER,Kitchen & Dining
22698,PINK REGENCY TEACUP AND SAUCER,Kitchen & Dining
22699,ROSES REGENCY TEACUP AND SAUCER ,Kitchen & Dining
22700,BLACK AND WHITE DOG BOWL,Kitchen & Dining
22701,PINK DOG BOWL,Kitchen & Dining
22702,BLACK AND WHITE CAT BOWL,Kitchen & Dining
22703,PINK CAT BOWL,Kitchen & Dining
22704,WRAP RED APPLES ,Seasonal & Gifts
22705,WRAP GREEN PEARS ,Seasonal & Gifts
22706,WRAP COWBOYS  ,Seasonal & Gifts
22707,WRAP MONSTER FUN ,Seasonal & Gifts
22708,WRAP DOLLY GIRL,Seasonal & Gifts
22709,WRAP WEDDING DAY,Seasonal & Gifts
22710,WRAP I LOVE LONDON ,Seasonal & Gifts
22711,WRAP CIRCUS PARADE,Seasonal & Gifts
22712,CARD DOLLY GIRL ,Toys & Games
22713,CARD I LOVE LONDON ,Stationery & Craft
22714,CARD BIRTHDAY COWBOY,Seasonal & Gifts
22715,CARD WEDDING DAY,Stationery & Craft
22716,CARD CIRCUS PARADE,Stationery & Craft
22717,CARD DOG AND BALL ,Stationery & Craft
22718,CARD CAT AND TREE ,Stationery & Craft
22719,GUMBALL MONOCHROME COAT RACK,Home Decor
22720,SET OF 3 CAKE TINS PANTRY DESIGN ,Home Decor
22721,SET OF 3 CAKE TINS SKETCHBOOK,Kitchen & Dining
22722,SET OF 6 SPICE TINS PANTRY DESIGN,Home Decor
22723,SET OF 6 HERB TINS SKETCHBOOK,Home Decor
22725,ALARM CLOCK BAKELIKE CHOCOLATE,Home Decor
22726,ALARM CLOCK BAKELIKE GREEN,Home Decor
22727,ALARM CLOCK BAKELIKE RED ,Home Decor
22728,ALARM CLOCK BAKELIKE PINK,Home Decor
22729,ALARM CLOCK BAKELIKE ORANGE,Home Decor
22730,ALARM CLOCK BAKELIKE IVORY,Home Decor
22731,3D CHRISTMAS STAMPS STICKERS ,Seasonal & Gifts
22732,3D VINTAGE CHRISTMAS STICKERS ,Seasonal & Gifts
22733,3D TRADITIONAL CHRISTMAS STICKERS,Seasonal & Gifts
22734,SET OF 6 RIBBONS VINTAGE CHRISTMAS,Seasonal & Gifts
22735,RIBBON REEL SOCKS AND MITTENS,Home Decor
22736,RIBBON REEL MAKING SNOWMEN ,Home Decor
22737,RIBBON REEL CHRISTMAS PRESENT ,Seasonal & Gifts
22738,RIBBON REEL SNOWY VILLAGE,Home Decor
22739,RIBBON REEL CHRISTMAS SOCK BAUBLE,Seasonal & Gifts
22740,POLKADOT PEN,Stationery & Craft
22741,FUNKY DIVA PEN,Stationery & Craft
22742,MAKE YOUR OWN PLAYTIME CARD KIT,Toys & Games
22743,MAKE YOUR OWN FLOWERPOWER CARD KIT,Stationery & Craft
22744,MAKE YOUR OWN MONSOON CARD KIT,Stationery & Craft
22745,POPPY'S PLAYHOUSE BEDROOM ,Toys & Games
22746,POPPY'S PLAYHOUSE LIVINGROOM ,Toys & Games
22747,POPPY'S PLAYHOUSE BATHROOM,Toys & Games
22748,POPPY'S PLAYHOUSE KITCHEN,Kitchen & Dining
22749,FELTCRAFT PRINCESS CHARLOTTE DOLL,Toys & Games
22750,FELTCRAFT PRINCESS LOLA DOLL,Toys & Games
22751,FELTCRAFT PRINCESS OLIVIA DOLL,Toys & Games
22752,SET 7 BABUSHKA NESTING BOXES,Home Decor
22753,SMALL YELLOW BABUSHKA NOTEBOOK ,Stationery & Craft
22754,SMALL RED BABUSHKA NOTEBOOK ,Stationery & Craft
22755,SMALL PURPLE BABUSHKA NOTEBOOK ,Stationery & Craft
22756,LARGE YELLOW BABUSHKA NOTEBOOK ,Stationery & Craft
22757,LARGE RED BABUSHKA NOTEBOOK ,Stationery & Craft
22758,LARGE PURPLE BABUSHKA NOTEBOOK  ,Stationery & Craft
22759,SET OF 3 NOTEBOOKS IN PARCEL,Stationery & Craft
22760,"TRAY, BREAKFAST IN BED",Home Decor
22761,CHEST 7 DRAWER MA CAMPAGNE,Home Decor
22762,CUPBOARD 3 DRAWER MA CAMPAGNE,Kitchen & Dining
22763,KEY CABINET MA CAMPAGNE,Home Decor
22764,"RUSTIC WOODEN CABINET, GLASS DOORS",Home Decor
22765,NEWSPAPER STAND,Stationery & Craft
22766,PHOTO FRAME CORNICE,Home Decor
22767,TRIPLE PHOTO FRAME CORNICE ,Home Decor
22768,FAMILY PHOTO FRAME CORNICE,Home Decor
22769,CHALKBOARD KITCHEN ORGANISER,Kitchen & Dining
22770,MIRROR CORNICE,Home Decor
22771,CLEAR DRAWER KNOB ACRYLIC EDWARDIAN,Home Decor
22772,PINK DRAWER KNOB ACRYLIC EDWARDIAN,Home Decor
22773,GREEN DRAWER KNOB ACRYLIC EDWARDIAN,Home Decor
22774,RED DRAWER KNOB ACRYLIC EDWARDIAN,Home Decor
22775,PURPLE DRAWERKNOB ACRYLIC EDWARDIAN,Home Decor
22776,SWEETHEART CAKESTAND 3 TIER,Kitchen & Dining
22777,GLASS BELL JAR LARGE,Kitchen & Dining
22778,GLASS CLOCHE SMALL,Home Decor
22779,WOODEN OWLS LIGHT GARLAND ,Home Decor
22780,LIGHT GARLAND BUTTERFILES PINK,Home Decor
22781,GUMBALL MAGAZINE RACK,Home Decor
22782,SET 3 WICKER STORAGE BASKETS ,Home Decor
22783,SET 3 WICKER OVAL BASKETS W LIDS,Home Decor
22784,LANTERN CREAM GAZEBO ,Home Decor
22785,SQUARECUSHION COVER PINK UNION FLAG,Home Decor
22786,CUSHION COVER PINK UNION JACK,Home Decor
22788,BROCANTE COAT RACK,Home Decor
22789,T-LIGHT HOLDER SWEETHEART HANGING,Home Decor
22791,T-LIGHT GLASS FLUTED ANTIQUE,Home Decor
22792,FLUTED ANTIQUE CANDLE HOLDER,Home Decor
22794,SWEETHEART WIRE MAGAZINE RACK,Food & Confectionery
22795,SWEETHEART RECIPE BOOK STAND,Food & Confectionery
22796,PHOTO FRAME 3 CLASSIC HANGING,Home Decor
22797,CHEST OF DRAWERS GINGHAM HEART ,Home Decor
22798,ANTIQUE GLASS DRESSING TABLE POT,Garden & Outdoor
22799,SWEETHEART WIRE FRUIT BOWL,Kitchen & Dining
22800,ANTIQUE TALL SWIRLGLASS TRINKET POT,Garden & Outdoor
22801,ANTIQUE GLASS PEDESTAL BOWL,Kitchen & Dining
22802,FAUX FUR CHOCOLATE THROW,Food & Confectionery
22803,IVORY EMBROIDERED QUILT ,Home Decor
22804,CANDLEHOLDER PINK HANGING HEART,Home Decor
22805,BLUE DRAWER KNOB ACRYLIC EDWARDIAN,Home Decor
22806,SET OF 6 T-LIGHTS WEDDING CAKE ,Home Decor
22807,SET OF 6 T-LIGHTS TOADSTOOLS,Home Decor
22808,SET OF 6 T-LIGHTS EASTER CHICKS,Home Decor
22809,SET OF 6 T-LIGHTS SANTA,Home Decor
22810,SET OF 6 T-LIGHTS SNOWMEN,Home Decor
22811,SET OF 6 T-LIGHTS CACTI ,Home Decor
22812,PACK 3 BOXES CHRISTMAS PANNETONE,Seasonal & Gifts
22813,PACK 3 BOXES BIRD PANNETONE ,Garden & Outdoor
22814,CARD PARTY GAMES ,Toys & Games
22815,CARD PSYCHEDELIC APPLES,Stationery & Craft
22816,CARD MOTORBIKE SANTA,Stationery & Craft
22817,CARD SUKI BIRTHDAY,Seasonal & Gifts
22818,CARD CHRISTMAS VILLAGE,Seasonal & Gifts
22819,"BIRTHDAY CARD, RETRO SPOT",Seasonal & Gifts
22820,GIFT BAG BIRTHDAY,Seasonal & Gifts
22821,GIFT BAG PSYCHEDELIC APPLES,Seasonal & Gifts
22822,CREAM WALL PLANTER HEART SHAPED,Home Decor
22823,CHEST NATURAL WOOD 20 DRAWERS,Home Decor
22824,3 TIER SWEETHEART GARDEN SHELF,Garden & Outdoor
22825,DECORATIVE PLANT POT WITH FRIEZE,Garden & Outdoor
22826,LOVE SEAT ANTIQUE WHITE METAL,Home Decor
22827,RUSTIC  SEVENTEEN DRAWER SIDEBOARD,Home Decor
22828,REGENCY MIRROR WITH SHUTTERS,Home Decor
22829,SWEETHEART WIRE WALL TIDY,Home Decor
22830,UTILTY CABINET WITH HOOKS,Home Decor
22831,WHITE BROCANTE SOAP DISH,Home Decor
22832,BROCANTE SHELF WITH HOOKS,Home Decor
22833,HALL CABINET WITH 3 DRAWERS,Home Decor
22834,HAND WARMER BABUSHKA DESIGN,Home Decor
22835,HOT WATER BOTTLE I AM SO POORLY,Home Decor
22837,HOT WATER BOTTLE BABUSHKA ,Home Decor
22838,3 TIER CAKE TIN RED AND CREAM,Kitchen & Dining
22839,3 TIER CAKE TIN GREEN AND CREAM,Kitchen & Dining
22840,ROUND CAKE TIN VINTAGE RED,Kitchen & Dining
22841,ROUND CAKE TIN VINTAGE GREEN,Kitchen & Dining
22842,BISCUIT TIN VINTAGE RED,Food & Confectionery
22843,BISCUIT TIN VINTAGE GREEN,Food & Confectionery
22844,VINTAGE CREAM DOG FOOD CONTAINER,Food & Confectionery
22845,VINTAGE CREAM CAT FOOD CONTAINER,Food & Confectionery
22846,BREAD BIN DINER STYLE RED ,Home Decor
22847,BREAD BIN DINER STYLE IVORY,Home Decor
22848,BREAD BIN DINER STYLE PINK,Home Decor
22849,BREAD BIN DINER STYLE MINT,Home Decor
22851,SET 20 NAPKINS FAIRY CAKES DESIGN ,Home Decor
22852,DOG BOWL VINTAGE CREAM,Kitchen & Dining
22853,CAT BOWL VINTAGE CREAM,Kitchen & Dining
22854,CREAM SWEETHEART EGG HOLDER,Home Decor
22855,FINE WICKER HEART ,Home Decor
22856,ASSORTED EASTER DECORATIONS  BELLS,Seasonal & Gifts
22857,ASSORTED EASTER GIFT TAGS,Seasonal & Gifts
22858,EASTER TIN KEEPSAKE,Seasonal & Gifts
22859,EASTER TIN BUNNY BOUQUET,Seasonal & Gifts
22860,EASTER TIN CHICKS PINK DAISY,Seasonal & Gifts
22861,EASTER TIN CHICKS IN GARDEN,Seasonal & Gifts
22862,LOVE HEART NAPKIN BOX ,Home Decor
22863,SOAP DISH BROCANTE,Home Decor
22865,HAND WARMER OWL DESIGN,Home Decor
22866,HAND WARMER SCOTTY DOG DESIGN,Home Decor
22867,HAND WARMER BIRD DESIGN,Home Decor
22868,NUMBER TILE COTTAGE GARDEN 0 ,Garden & Outdoor
22869,NUMBER TILE COTTAGE GARDEN 1,Garden & Outdoor
22870,NUMBER TILE COTTAGE GARDEN 2,Garden & Outdoor
22871,NUMBER TILE COTTAGE GARDEN 3 ,Garden & Outdoor
22872,NUMBER TILE COTTAGE GARDEN 4,Garden & Outdoor
22873,NUMBER TILE COTTAGE GARDEN 5,Garden & Outdoor
22874,NUMBER TILE COTTAGE GARDEN 6,Garden & Outdoor
22875,NUMBER TILE COTTAGE GARDEN 7,Garden & Outdoor
22876,NUMBER TILE COTTAGE GARDEN 8,Garden & Outdoor
22877,NUMBER TILE COTTAGE GARDEN 9,Garden & Outdoor
22878,NUMBER TILE COTTAGE GARDEN No,Garden & Outdoor
22879,NUMBER TILE VINTAGE FONT 0,Home Decor
22880,NUMBER TILE VINTAGE FONT 1,Home Decor
22881,NUMBER TILE VINTAGE FONT 2,Home Decor
22882,NUMBER TILE VINTAGE FONT 3,Home Decor
22883,NUMBER TILE VINTAGE FONT 4,Home Decor
22884,NUMBER TILE VINTAGE FONT 5,Home Decor
22885,NUMBER TILE VINTAGE FONT 6 ,Home Decor
22886,NUMBER TILE VINTAGE FONT 7,Home Decor
22887,NUMBER TILE VINTAGE FONT 8,Home Decor
22888,NUMBER TILE VINTAGE FONT 9 ,Home Decor
22889,NUMBER TILE VINTAGE FONT No ,Home Decor
22890,NOVELTY BISCUITS CAKE STAND 3 TIER,Kitchen & Dining
22891,TEA FOR ONE POLKADOT,Food & Confectionery
22892,SET OF SALT AND PEPPER TOADSTOOLS,Home Decor
22893,MINI CAKE STAND T-LIGHT HOLDER,Home Decor
22894,TABLECLOTH RED APPLES DESIGN ,Home Decor
22895,SET OF 2 TEA TOWELS APPLE AND PEARS,Food & Confectionery
22896,PEG BAG APPLES DESIGN,Home Decor
22897,OVEN MITT APPLES DESIGN,Home Decor
22898,CHILDRENS APRON APPLES DESIGN,Home Decor
22899,CHILDREN'S APRON DOLLY GIRL ,Toys & Games
22900, SET 2 TEA TOWELS I LOVE LONDON ,Food & Confectionery
22902,TOTE BAG I LOVE LONDON,Fashion & Accessories
22903,CALENDAR FAMILY FAVOURITES,Home Decor
22904,CALENDAR PAPER CUT DESIGN,Home Decor
22905,CALENDAR IN SEASON DESIGN,Home Decor
22906,12 MESSAGE CARDS WITH ENVELOPES,Stationery & Craft
22907,PACK OF 20 NAPKINS PANTRY DESIGN,Home Decor
22908,PACK OF 20 NAPKINS RED APPLES,Home Decor
22909,SET OF 20 VINTAGE CHRISTMAS NAPKINS,Seasonal & Gifts
22910,PAPER CHAIN KIT VINTAGE CHRISTMAS,Seasonal & Gifts
22911,PAPER CHAIN KIT LONDON,Stationery & Craft
22912,YELLOW COAT RACK PARIS FASHION,Home Decor
22913,RED COAT RACK PARIS FASHION,Home Decor
22914,BLUE COAT RACK PARIS FASHION,Home Decor
22915,ASSORTED BOTTLE TOP  MAGNETS ,Home Decor
22916,HERB MARKER THYME,Home Decor
22917,HERB MARKER ROSEMARY,Home Decor
22918,HERB MARKER PARSLEY,Home Decor
22919,HERB MARKER MINT,Home Decor
22920,HERB MARKER BASIL,Home Decor
22921,HERB MARKER CHIVES ,Home Decor
22922,FRIDGE MAGNETS US DINER ASSORTED,Home Decor
22923,FRIDGE MAGNETS LES ENFANTS ASSORTED,Home Decor
22924,FRIDGE MAGNETS LA VIE EN ROSE,Home Decor
22925,BLUE GIANT GARDEN THERMOMETER,Garden & Outdoor
22926,IVORY GIANT GARDEN THERMOMETER,Garden & Outdoor
22927,GREEN GIANT GARDEN THERMOMETER,Garden & Outdoor
22928,YELLOW GIANT GARDEN THERMOMETER,Garden & Outdoor
22929,SCHOOL DESK AND CHAIR ,Home Decor
22930,BAKING MOULD HEART MILK CHOCOLATE,Food & Confectionery
22931,BAKING MOULD HEART WHITE CHOCOLATE,Food & Confectionery
22932,BAKING MOULD TOFFEE CUP CHOCOLATE,Kitchen & Dining
22933,BAKING MOULD EASTER EGG MILK CHOC,Seasonal & Gifts
22934,BAKING MOULD EASTER EGG WHITE CHOC,Seasonal & Gifts
22935,BAKING MOULD ROSE MILK CHOCOLATE,Food & Confectionery
22936,BAKING MOULD ROSE WHITE CHOCOLATE,Food & Confectionery
22937,BAKING MOULD CHOCOLATE CUPCAKES,Kitchen & Dining
22938,CUPCAKE LACE PAPER SET 6,Kitchen & Dining
22939,APRON APPLE DELIGHT,Home Decor
22940,FELTCRAFT CHRISTMAS FAIRY,Seasonal & Gifts
22941,CHRISTMAS LIGHTS 10 REINDEER,Home Decor
22942,CHRISTMAS LIGHTS 10 SANTAS ,Home Decor
22943,CHRISTMAS LIGHTS 10 VINTAGE BAUBLES,Home Decor
22944,CHRISTMAS METAL POSTCARD WITH BELLS,Seasonal & Gifts
22945,CHRISTMAS METAL TAGS ASSORTED ,Seasonal & Gifts
22946,WOODEN ADVENT CALENDAR CREAM,Home Decor
22947,WOODEN ADVENT CALENDAR RED,Home Decor
22948,METAL DECORATION NAUGHTY CHILDREN ,Toys & Games
22949,36 DOILIES DOLLY GIRL,Toys & Games
22950,36 DOILIES VINTAGE CHRISTMAS,Seasonal & Gifts
22951,60 CAKE CASES DOLLY GIRL DESIGN,Home Decor
22952,60 CAKE CASES VINTAGE CHRISTMAS,Kitchen & Dining
22953,BIRTHDAY PARTY CORDON BARRIER TAPE,Seasonal & Gifts
22954,HEN PARTY CORDON BARRIER TAPE,Stationery & Craft
22955,36 FOIL STAR CAKE CASES ,Kitchen & Dining
22956,36 FOIL HEART CAKE CASES,Kitchen & Dining
22957,SET 3 PAPER VINTAGE CHICK PAPER EGG,Stationery & Craft
22959,WRAP CHRISTMAS VILLAGE,Seasonal & Gifts
22960,JAM MAKING SET WITH JARS,Kitchen & Dining
22961,JAM MAKING SET PRINTED,Food & Confectionery
22962,JAM JAR WITH PINK LID,Kitchen & Dining
22963,JAM JAR WITH GREEN LID,Kitchen & Dining
22964,3 PIECE SPACEBOY COOKIE CUTTER SET,Home Decor
22965,3 TRADITIONAL COOKIE CUTTERS  SET,Home Decor
22966,GINGERBREAD MAN COOKIE CUTTER,Home Decor
22967,SET 3 SONG BIRD PAPER EGGS ASSORTED,Stationery & Craft
22968,ROSE COTTAGE KEEPSAKE BOX ,Home Decor
22969,HOMEMADE JAM SCENTED CANDLES,Home Decor
22970,LONDON BUS COFFEE MUG,Kitchen & Dining
22971,QUEENS GUARD COFFEE MUG,Kitchen & Dining
22972,CHILDREN'S SPACEBOY MUG,Kitchen & Dining
22973,CHILDREN'S CIRCUS PARADE MUG,Kitchen & Dining
22974,CHILDRENS DOLLY GIRL MUG,Kitchen & Dining
22975,SPACEBOY CHILDRENS EGG CUP,Kitchen & Dining
22976,CIRCUS PARADE CHILDRENS EGG CUP ,Kitchen & Dining
22977,DOLLY GIRL CHILDRENS EGG CUP,Kitchen & Dining
22978,PANTRY ROLLING PIN,Home Decor
22979,PANTRY WASHING UP BRUSH,Home Decor
22980,PANTRY SCRUBBING BRUSH,Home Decor
22981,PANTRY APPLE CORER,Home Decor
22982,PANTRY PASTRY BRUSH,Home Decor
22983,CARD BILLBOARD FONT,Stationery & Craft
22984,CARD GINGHAM ROSE ,Stationery & Craft
22985,"WRAP, BILLBOARD FONTS DESIGN",Home Decor
22986,GINGHAM ROSE WRAP,Seasonal & Gifts
22987,WRAP SUMMER ROSE DESIGN,Home Decor
22988,SOLDIERS EGG CUP ,Kitchen & Dining
22989,SET 2 PANTRY DESIGN TEA TOWELS,Home Decor
22990,COTTON APRON PANTRY DESIGN,Home Decor
22991,GIRAFFE WOODEN RULER,Home Decor
22992,REVOLVER WOODEN RULER ,Home Decor
22993,SET OF 4 PANTRY JELLY MOULDS,Home Decor
22994,TRAVEL CARD WALLET RETROSPOT,Home Decor
22995,TRAVEL CARD WALLET SUKI,Home Decor
22996,TRAVEL CARD WALLET VINTAGE TICKET,Home Decor
22997,TRAVEL CARD WALLET UNION JACK,Home Decor
22998,TRAVEL CARD WALLET KEEP CALM,Home Decor
22999,TRAVEL CARD WALLET RETRO PETALS,Home Decor
23000,TRAVEL CARD WALLET TRANSPORT,Home Decor
23002,TRAVEL CARD WALLET SKULLS,Home Decor
23003,TRAVEL CARD WALLET VINTAGE ROSE ,Home Decor
23004,TRAVEL CARD WALLET PANTRY,Home Decor
23005,TRAVEL CARD WALLET I LOVE LONDON,Home Decor
23006,TRAVEL CARD WALLET FLOWER MEADOW,Home Decor
23007, SPACEBOY BABY GIFT SET,Seasonal & Gifts
23008,DOLLY GIRL BABY GIFT SET,Seasonal & Gifts
23009,I LOVE LONDON BABY GIFT SET,Seasonal & Gifts
23010,CIRCUS PARADE BABY GIFT SET,Seasonal & Gifts
23012,GLASS APOTHECARY BOTTLE PERFUME,Garden & Outdoor
23013,GLASS APOTHECARY BOTTLE TONIC,Garden & Outdoor
23014,GLASS APOTHECARY BOTTLE ELIXIR,Garden & Outdoor
23015,CORDIAL GLASS JUG,Kitchen & Dining
23016,GLASS TWIST BON BON JAR,Kitchen & Dining
23017,APOTHECARY MEASURING JAR,Kitchen & Dining
23018,LARGE APOTHECARY MEASURING JAR ,Kitchen & Dining
23019,SMALL APOTHECARY MEASURING JAR ,Kitchen & Dining
23020,GLASS  SONGBIRD STORAGE JAR,Kitchen & Dining
23021,GLASS BONNE JAM JAR,Kitchen & Dining
23022,SMALL BONNE JAM JAR  T-LIGHT HOLDER,Home Decor
23023,RIDGED BONNE JAM JAR T-LIGHT HOLDER,Home Decor
23024,LARGE BONNE JAM JAR  T-LIGHT HOLDER,Home Decor
23025,DRAWER KNOB VINTAGE GLASS BALL,Home Decor
23026,DRAWER KNOB VINTAGE GLASS STAR,Home Decor
23027,DRAWER KNOB VINTAGE GLASS HEXAGON,Home Decor
23028,DRAWER KNOB CRACKLE GLAZE BLUE,Home Decor
23029,DRAWER KNOB CRACKLE GLAZE GREEN,Home Decor
23031,DRAWER KNOB CRACKLE GLAZE PINK,Home Decor
23032,DRAWER KNOB CRACKLE GLAZE IVORY,Home Decor
23033,DRAWER KNOB CERAMIC RED,Home Decor
23034,DRAWER KNOB CERAMIC BLACK,Home Decor
23035,DRAWER KNOB CERAMIC IVORY,Home Decor
23036,T-LIGHT HOLDER SILVER PETIT FOUR ,Home Decor
23037,CANDLE HOLDER SILVER MADELINE,Home Decor
23038,T-LIGHT HOLDER SILVER SAUCER,Home Decor
23039,T-LIGHT HOLDER SILVER HEART HANDLE,Home Decor
23040,PAPER LANTERN 9 POINT SNOW STAR ,Home Decor
23041,PAPER LANTERN 9 POINT SNOW STAR,Home Decor
23042,PAPER LANTERN 7 POINT SNOW STAR,Home Decor
23043,PAPER LANTERN 9 POINT HOLLY STAR 40,Home Decor
23044,PAPER LANTERN 9 POINT HOLLY STAR S,Home Decor
23045,PAPER LANTERN 5 POINT STAR MOON 30,Home Decor
23046,PAPER LANTERN 9 POINT DELUXE STAR,Home Decor
23047,PAPER LANTERN 5 POINT SEQUIN STAR,Home Decor
23048,SET OF 10 LANTERNS FAIRY LIGHT STAR,Home Decor
23049,RECYCLED ACAPULCO MAT RED,Home Decor
23050,RECYCLED ACAPULCO MAT GREEN,Home Decor
23051,RECYCLED ACAPULCO MAT BLUE,Home Decor
23052,RECYCLED ACAPULCO MAT TURQUOISE,Home Decor
23053,RECYCLED ACAPULCO MAT PINK,Home Decor
23054,RECYCLED ACAPULCO MAT LAVENDER,Home Decor
23055,IVORY CHANDELIER T-LIGHT HOLDER,Home Decor
23056,FLOWERS CHANDELIER T-LIGHT HOLDER,Home Decor
23057,GEMSTONE CHANDELIER T-LIGHT HOLDER,Home Decor
23058,CHRISTMAS HANGING SNOWFLAKE,Seasonal & Gifts
23060,HEART BEADED TRELLIS DECORATION,Home Decor
23061,VINTAGE EMBOSSED HEART,Home Decor
23064,CINDERELLA CHANDELIER ,Home Decor
23065,LARGE DECO JEWELLERY STAND,Fashion & Accessories
23066,SMALL DECO JEWELLERY STAND,Fashion & Accessories
23067,HANGING ENGRAVED METAL HEART,Home Decor
23068,ALUMINIUM STAMPED HEART,Stationery & Craft
23069,EDWARDIAN PHOTO FRAME,Home Decor
23070,EDWARDIAN HEART PHOTO FRAME,Home Decor
23071,MARIE ANTOIENETT TRINKET BOX GOLD,Home Decor
23072,MARIE ANTOINETTE TRINKET BOX SILVER,Home Decor
23073,GEORGIAN TRINKET BOX,Home Decor
23074,EMBOSSED HEART TRINKET BOX,Home Decor
23075,DOUBLE CERAMIC PARLOUR HOOK,Home Decor
23076,ICE CREAM SUNDAE LIP GLOSS,Home Decor
23077,DOUGHNUT LIP GLOSS ,Home Decor
23078,ICE CREAM PEN LIP GLOSS ,Stationery & Craft
23079,TOADSTOOL BEDSIDE LIGHT ,Home Decor
23080,RED METAL BOX TOP SECRET,Home Decor
23081,GREEN METAL BOX ARMY SUPPLIES,Home Decor
23082,SET 6 PAPER TABLE LANTERN HEARTS ,Home Decor
23083,SET 6 PAPER TABLE LANTERN STARS ,Home Decor
23084,RABBIT NIGHT LIGHT,Home Decor
23085,ANTIQUE SILVER BAUBLE LAMP  ,Home Decor
23086,ZINC  STAR T-LIGHT HOLDER ,Home Decor
23087,ZINC  HEART T-LIGHT HOLDER,Home Decor
23088,ZINC HEART FLOWER T-LIGHT HOLDER,Home Decor
23089,GLASS BON BON JAR,Kitchen & Dining
23090,VINTAGE GLASS T-LIGHT HOLDER,Home Decor
23091,ZINC HERB GARDEN CONTAINER,Garden & Outdoor
23092,LARGE ANTIQUE WHITE PHOTO FRAME,Home Decor
23093,SMALL PARISIENNE HEART PHOTO FRAME ,Home Decor
23094,LE GRAND TRAY CHIC SET,Home Decor
23096,PETIT TRAY CHIC,Home Decor
23099,FRENCH CARRIAGE LANTERN,Home Decor
23100,SILVER BELLS TABLE DECORATION,Home Decor
23101,SILVER STARS TABLE DECORATION,Home Decor
23102,SILVER HEARTS TABLE DECORATION,Home Decor
23103,BELL HEART DECORATION,Home Decor
23104,IVORY PANTRY HANGING LAMP ,Home Decor
23106,ZINC HEARTS PLANT POT HOLDER,Home Decor
23107,WHITE WIRE PLANT POT HOLDER,Home Decor
23108,SET OF 10 LED DOLLY LIGHTS,Home Decor
23109,LED TEA LIGHTS,Home Decor
23110,PARISIENNE KEY CABINET ,Home Decor
23111,PARISIENNE SEWING BOX,Home Decor
23112,PARISIENNE CURIO CABINET,Home Decor
23113,PANTRY CHOPPING BOARD,Home Decor
23114,VINTAGE LEAF CHOPPING BOARD  ,Home Decor
23115,RED APPLES CHOPPING BOARD   ,Home Decor
23116,VEGETABLE GARDEN CHOPPING BOARD,Garden & Outdoor
23117,POPPY FIELDS CHOPPING BOARD,Home Decor
23118,PARISIENNE JEWELLERY DRAWER ,Fashion & Accessories
23119,PACK OF 6 LARGE FRUIT STRAWS ,Home Decor
23120,PACK OF 6 SMALL FRUIT STRAWS,Home Decor
23121,PACK OF 6 COCKTAIL PARASOL STRAWS,Home Decor
23122,PARTY CHARMS 50 PIECES,Home Decor
23123,COCKTAIL SWORDS 50 PIECES,Home Decor
23124,18PC WOODEN CUTLERY SET DISPOSABLE,Home Decor
23125,6PC WOOD PLATE SET DISPOSABLE,Kitchen & Dining
23126,DOLLCRAFT GIRL AMELIE KIT,Toys & Games
23127,DOLLCRAFT GIRL NICOLE,Toys & Games
23128,FELTCRAFT BOY JEAN-PAUL KIT,Stationery & Craft
23129,HEART SHAPED HOLLY WREATH,Home Decor
23130,MISTLETOE HEART WREATH GREEN,Home Decor
23131,MISTLETOE HEART WREATH CREAM,Home Decor
23132,SMALL IVORY HEART WALL ORGANISER,Home Decor
23133,LARGE IVORY HEART WALL ORGANISER,Home Decor
23134,LARGE ZINC HEART WALL ORGANISER,Home Decor
23135,SMALL ZINC HEART WALL ORGANISER,Home Decor
23136,IVORY WIRE SWEETHEART LETTER TRAY,Food & Confectionery
23137,ZINC WIRE SWEETHEART LETTER TRAY,Food & Confectionery
23138,SINGLE WIRE HOOK IVORY HEART,Home Decor
23139,SINGLE WIRE HOOK PINK HEART,Home Decor
23140,TRIPLE WIRE HOOK IVORY HEART,Home Decor
23141,TRIPLE WIRE HOOK PINK HEART,Home Decor
23142,IVORY WIRE KITCHEN ORGANISER,Kitchen & Dining
23143,ZINC WIRE KITCHEN ORGANISER,Kitchen & Dining
23144,ZINC T-LIGHT HOLDER STARS SMALL,Home Decor
23145,ZINC T-LIGHT HOLDER STAR LARGE,Home Decor
23146,TRIPLE HOOK ANTIQUE IVORY ROSE,Home Decor
23147,SINGLE ANTIQUE ROSE HOOK IVORY,Home Decor
23148,MINIATURE ANTIQUE ROSE HOOK IVORY,Home Decor
23149,ANTIQUE IVORY WIRE BOWL SMALL,Kitchen & Dining
23150,IVORY SWEETHEART SOAP DISH,Food & Confectionery
23151,ZINC SWEETHEART SOAP DISH,Food & Confectionery
23152,IVORY SWEETHEART WIRE LETTER RACK ,Food & Confectionery
23153,ZINC SWEETHEART WIRE LETTER RACK,Food & Confectionery
23154,SET OF 4 JAM JAR MAGNETS,Kitchen & Dining
23155,KNICKERBOCKERGLORY MAGNET ASSORTED ,Home Decor
23156,SET OF 5 MINI GROCERY MAGNETS,Home Decor
23157,SET OF 6 NATIVITY MAGNETS ,Home Decor
23158,SET OF 5 LUCKY CAT MAGNETS ,Home Decor
23159,SET OF 5 PANCAKE DAY MAGNETS,Kitchen & Dining
23160,REGENCY TEA SPOON,Kitchen & Dining
23161,REGENCY CAKE FORK,Kitchen & Dining
23162,REGENCY TEA STRAINER,Food & Confectionery
23163,REGENCY SUGAR TONGS,Home Decor
23164,REGENCY CAKE SLICE,Kitchen & Dining
23165,LARGE CERAMIC TOP STORAGE JAR,Kitchen & Dining
23166,MEDIUM CERAMIC TOP STORAGE JAR,Kitchen & Dining
23167,SMALL CERAMIC TOP STORAGE JAR ,Kitchen & Dining
23168,CLASSIC SUGAR DISPENSER,Stationery & Craft
23169,CLASSIC GLASS SWEET JAR,Kitchen & Dining
23170,REGENCY TEA PLATE ROSES ,Kitchen & Dining
23171,REGENCY TEA PLATE GREEN ,Kitchen & Dining
23172,REGENCY TEA PLATE PINK,Kitchen & Dining
23173,REGENCY TEAPOT ROSES ,Kitchen & Dining
23174,REGENCY SUGAR BOWL GREEN,Kitchen & Dining
23175,REGENCY MILK JUG PINK ,Kitchen & Dining
23176,ABC TREASURE BOOK BOX ,Home Decor
23177,TREASURE ISLAND BOOK BOX,Home Decor
23178,JAM CLOCK MAGNET,Home Decor
23179,CLOCK MAGNET MUM'S KITCHEN,Home Decor
23180,MUM'S KITCHEN CLOCK,Home Decor
23181,BULL DOG BOTTLE TOP WALL CLOCK,Home Decor
23182,TOILET SIGN OCCUPIED OR VACANT,Home Decor
23183,MOTHER'S KITCHEN SPOON REST ,Kitchen & Dining
23184,BULL DOG BOTTLE OPENER,Stationery & Craft
23185,FRENCH STYLE STORAGE JAR JAM,Kitchen & Dining
23186,FRENCH STYLE STORAGE JAR CAFE ,Kitchen & Dining
23187,FRENCH STYLE STORAGE JAR BONBONS,Kitchen & Dining
23188,VINTAGE  2 METER FOLDING RULER,Home Decor
23189,SET OF 12 FORK CANDLES,Home Decor
23190,BUNDLE OF 3 SCHOOL EXERCISE BOOKS  ,Home Decor
23191,BUNDLE OF 3 RETRO NOTE BOOKS,Home Decor
23192,BUNDLE OF 3 ALPHABET EXERCISE BOOKS,Home Decor
23193,BUFFALO BILL TREASURE BOOK BOX,Home Decor
23194,GYMKHANNA TREASURE BOOK BOX,Home Decor
23196,RETRO LEAVES MAGNETIC NOTEPAD,Home Decor
23197,SKETCHBOOK MAGNETIC SHOPPING LIST,Home Decor
23198,PANTRY MAGNETIC  SHOPPING LIST,Home Decor
23199,JUMBO BAG APPLES,Fashion & Accessories
23200,JUMBO BAG PEARS,Fashion & Accessories
23201,JUMBO BAG ALPHABET,Fashion & Accessories
23202,JUMBO BAG VINTAGE LEAF,Fashion & Accessories
23203,JUMBO BAG DOILEY PATTERNS,Fashion & Accessories
23204,CHARLOTTE BAG APPLES DESIGN,Home Decor
23205,CHARLOTTE BAG VINTAGE ALPHABET ,Fashion & Accessories
23206,LUNCH BAG APPLE DESIGN,Home Decor
23207,LUNCH BAG ALPHABET DESIGN,Home Decor
23208,LUNCH BAG VINTAGE LEAF DESIGN,Home Decor
23209,LUNCH BAG DOILEY PATTERN ,Fashion & Accessories
23210,WHITE ROCKING HORSE HAND PAINTED,Home Decor
23211,RED ROCKING HORSE HAND PAINTED,Home Decor
23212,HEART WREATH DECORATION WITH BELL,Home Decor
23213,STAR WREATH DECORATION WITH BELL,Home Decor
23214,JINGLE BELL HEART ANTIQUE GOLD,Home Decor
23215,JINGLE BELL HEART ANTIQUE SILVER,Home Decor
23216,LAUREL HEART ANTIQUE GOLD,Home Decor
23217,LAUREL HEART ANTIQUE SILVER,Home Decor
23218,LAUREL STAR ANTIQUE GOLD,Home Decor
23219,LAUREL STAR ANTIQUE SILVER ,Home Decor
23220,REINDEER HEART DECORATION GOLD,Home Decor
23221,REINDEER HEART DECORATION SILVER,Home Decor
23222,CHRISTMAS TREE HANGING GOLD,Seasonal & Gifts
23223,CHRISTMAS TREE HANGING SILVER ,Seasonal & Gifts
23224,CHERUB HEART DECORATION GOLD,Home Decor
23225,CHERUB HEART DECORATION SILVER ,Home Decor
23226,FILIGREE HEART DAISY WHITE,Home Decor
23227,FILIGREE HEART BUTTERFLY WHITE ,Home Decor
23228,FILIGREE HEART BIRD WHITE ,Garden & Outdoor
23229,VINTAGE DONKEY TAIL GAME ,Toys & Games
23230,WRAP ALPHABET DESIGN,Home Decor
23231,WRAP DOILEY DESIGN,Home Decor
23232,WRAP VINTAGE PETALS  DESIGN,Home Decor
23233,WRAP POPPIES  DESIGN,Home Decor
23234,BISCUIT TIN VINTAGE CHRISTMAS,Seasonal & Gifts
23235,STORAGE TIN VINTAGE LEAF,Home Decor
23236,DOILEY STORAGE TIN,Home Decor
23237,SET OF 4 KNICK KNACK TINS LEAVES ,Home Decor
23238,SET OF 4 KNICK KNACK TINS LONDON ,Home Decor
23239,SET OF 4 KNICK KNACK TINS POPPIES,Home Decor
23240,SET OF 4 KNICK KNACK TINS DOILEY ,Home Decor
23241,TREASURE TIN GYMKHANA DESIGN,Home Decor
23242,TREASURE TIN BUFFALO BILL ,Home Decor
23243,SET OF TEA COFFEE SUGAR TINS PANTRY,Food & Confectionery
23244,ROUND STORAGE TIN VINTAGE LEAF,Home Decor
23245,SET OF 3 REGENCY CAKE TINS,Kitchen & Dining
23247,BISCUIT TIN 50'S CHRISTMAS,Seasonal & Gifts
23249,VINTAGE RED ENAMEL TRIM PLATE,Kitchen & Dining
23250,VINTAGE RED TRIM ENAMEL BOWL ,Kitchen & Dining
23251,VINTAGE RED ENAMEL TRIM MUG ,Kitchen & Dining
23252,VINTAGE RED ENAMEL TRIM JUG ,Kitchen & Dining
23253,16 PIECE CUTLERY SET PANTRY DESIGN,Home Decor
23254,CHILDRENS CUTLERY DOLLY GIRL ,Toys & Games
23255,CHILDRENS CUTLERY CIRCUS PARADE,Toys & Games
23256,CHILDRENS CUTLERY SPACEBOY ,Toys & Games
23263,SET OF 3 WOODEN HEART DECORATIONS,Home Decor
23264,SET OF 3 WOODEN SLEIGH DECORATIONS,Home Decor
23265,SET OF 3 WOODEN TREE DECORATIONS,Home Decor
23266,SET OF 3 WOODEN STOCKING DECORATION,Home Decor
23267,SET OF 4 SANTA PLACE SETTINGS,Home Decor
23268,SET OF 2 CERAMIC CHRISTMAS REINDEER,Seasonal & Gifts
23269,SET OF 2 CERAMIC CHRISTMAS TREES,Seasonal & Gifts
23270,SET OF 2 CERAMIC PAINTED HEARTS ,Home Decor
23271,CHRISTMAS TABLE CANDLE SILVER SPIKE,Home Decor
23272,TREE T-LIGHT HOLDER WILLIE WINKIE,Home Decor
23273,HEART T-LIGHT HOLDER WILLIE WINKIE,Home Decor
23274,STAR T-LIGHT HOLDER WILLIE WINKIE,Home Decor
23275,SET OF 3 HANGING OWLS OLLIE BEAK,Home Decor
23280,FOLDING BUTTERFLY MIRROR HOT PINK ,Home Decor
23281,FOLDING BUTTERFLY MIRROR RED  ,Home Decor
23282,FOLDING BUTTERFLY MIRROR IVORY ,Home Decor
23283,DOORMAT VINTAGE LEAVES DESIGN ,Home Decor
23284,DOORMAT KEEP CALM AND COME IN,Home Decor
23285,PINK VINTAGE SPOT BEAKER,Garden & Outdoor
23286,BLUE VINTAGE SPOT BEAKER,Garden & Outdoor
23287,RED VINTAGE SPOT BEAKER,Garden & Outdoor
23288,GREEN VINTAGE SPOT BEAKER,Garden & Outdoor
23289,DOLLY GIRL CHILDRENS BOWL,Kitchen & Dining
23290,SPACEBOY CHILDRENS BOWL,Kitchen & Dining
23291,DOLLY GIRL CHILDRENS CUP,Kitchen & Dining
23292,SPACE BOY CHILDRENS CUP,Kitchen & Dining
23293,SET OF 12 FAIRY CAKE BAKING CASES,Kitchen & Dining
23294,SET OF 6 SNACK LOAF BAKING CASES,Home Decor
23295,SET OF 12 MINI LOAF BAKING CASES,Home Decor
23296,SET OF 6 TEA TIME BAKING CASES,Food & Confectionery
23297,SET 40 HEART SHAPE PETIT FOUR CASES,Home Decor
23298,SPOTTY BUNTING,Garden & Outdoor
23299,FOOD COVER WITH BEADS SET 2 ,Food & Confectionery
23300,GARDENERS KNEELING PAD CUP OF TEA ,Kitchen & Dining
23301,GARDENERS KNEELING PAD KEEP CALM ,Garden & Outdoor
23302,KNEELING MAT HOUSEWORK  DESIGN,Home Decor
23303,SET 4 PICNIC CUTLERY FONDANT,Home Decor
23304,SET 4 PICNIC CUTLERY CHERRY ,Home Decor
23305,SET 4 PICNIC CUTLERY BLUEBERRY,Home Decor
23306,SET OF 36 DOILIES PANTRY DESIGN,Home Decor
23307,SET OF 60 PANTRY DESIGN CAKE CASES ,Home Decor
23308,SET OF 60 VINTAGE LEAF CAKE CASES ,Kitchen & Dining
23309,SET OF 60 I LOVE LONDON CAKE CASES ,Kitchen & Dining
23310,BUBBLEGUM RING ASSORTED,Home Decor
23311,VINTAGE CHRISTMAS STOCKING ,Seasonal & Gifts
23312,VINTAGE CHRISTMAS GIFT SACK,Seasonal & Gifts
23313,VINTAGE CHRISTMAS BUNTING,Seasonal & Gifts
23314,VINTAGE CHRISTMAS TABLECLOTH,Seasonal & Gifts
23315,IVORY REFECTORY CLOCK,Home Decor
23316,RED REFECTORY CLOCK ,Home Decor
23317,BLUE REFECTORY CLOCK ,Home Decor
23318,BOX OF 6 MINI VINTAGE CRACKERS,Home Decor
23319,BOX OF 6 MINI 50'S CRACKERS,Home Decor
23320,GIANT 50'S CHRISTMAS CRACKER,Seasonal & Gifts
23321,SMALL WHITE HEART OF WICKER,Home Decor
23322,LARGE WHITE HEART OF WICKER,Home Decor
23323,WHITE WICKER STAR ,Home Decor
23324,RUSTIC STRAWBERRY JAMPOT LARGE ,Garden & Outdoor
23325,RUSTIC STRAWBERRY JAMPOT SMALL,Garden & Outdoor
23326,HANGING MINI COLOURED BOTTLES,Home Decor
23327,HANGING CLEAR MINI BOTTLE,Home Decor
23328,SET 6 SCHOOL MILK BOTTLES IN CRATE,Home Decor
23329,DECORATIVE WICKER HEART LARGE,Home Decor
23330,DECORATIVE WICKER HEART MEDIUM,Home Decor
23331,DECORATIVE WICKER HEART SMALL,Home Decor
23332,IVORY WICKER HEART LARGE,Home Decor
23333,IVORY WICKER HEART MEDIUM,Home Decor
23334,IVORY WICKER HEART SMALL,Home Decor
23335,EGG FRYING PAN IVORY ,Home Decor
23336,EGG FRYING PAN PINK ,Home Decor
23337,EGG FRYING PAN MINT ,Home Decor
23338,EGG FRYING PAN RED ,Home Decor
23339,EGG FRYING PAN BLUE ,Home Decor
23340,VINTAGE CHRISTMAS CAKE FRILL,Kitchen & Dining
23341,PINK DINER WALL CLOCK,Home Decor
23342,MINT DINER WALL CLOCK,Home Decor
23343,JUMBO BAG VINTAGE CHRISTMAS ,Seasonal & Gifts
23344,JUMBO BAG 50'S CHRISTMAS ,Seasonal & Gifts
23345, DOLLY GIRL BEAKER,Toys & Games
23346,SPACEBOY BEAKER,Home Decor
23347,I LOVE LONDON BEAKER,Home Decor
23348,CHILDRENS TOY COOKING UTENSIL SET,Toys & Games
23349,ROLL WRAP VINTAGE CHRISTMAS,Seasonal & Gifts
23350,ROLL WRAP VINTAGE SPOT ,Seasonal & Gifts
23351,ROLL WRAP 50'S CHRISTMAS,Seasonal & Gifts
23352,ROLL WRAP 50'S RED CHRISTMAS ,Seasonal & Gifts
23353,6 GIFT TAGS VINTAGE CHRISTMAS ,Seasonal & Gifts
23354,6 GIFT TAGS 50'S CHRISTMAS ,Seasonal & Gifts
23355,HOT WATER BOTTLE KEEP CALM,Home Decor
23356,LOVE HOT WATER BOTTLE,Home Decor
23357,HOT WATER BOTTLE SEX BOMB,Home Decor
23358,HOT STUFF HOT WATER BOTTLE,Home Decor
23359,SET OF 12 T-LIGHTS VINTAGE DOILEY,Home Decor
23360,SET 8 CANDLES VINTAGE DOILEY,Home Decor
23365,SET 12 COLOUR PENCILS LOVE LONDON,Stationery & Craft
23366,SET 12 COLOURING PENCILS DOILY,Stationery & Craft
23367,SET 12 COLOUR PENCILS SPACEBOY ,Stationery & Craft
23368,SET 12 COLOUR PENCILS DOLLY GIRL ,Toys & Games
23369,SET 36 COLOUR PENCILS LOVE LONDON,Stationery & Craft
23370,SET 36 COLOUR PENCILS DOILEY,Stationery & Craft
23371,SET 36 COLOUR PENCILS SPACEBOY ,Stationery & Craft
23372,SET 36 COLOUR PENCILS DOLLY GIRL,Toys & Games
23373,VINTAGE CHRISTMAS PAPER GIFT BAG,Seasonal & Gifts
23374,RED SPOT PAPER GIFT BAG,Seasonal & Gifts
23375,50'S CHRISTMAS PAPER GIFT BAG,Seasonal & Gifts
23376,PACK OF 12 VINTAGE CHRISTMAS TISSUE,Seasonal & Gifts
23377,PACK OF 12 DOLLY GIRL TISSUES,Toys & Games
23378,PACK OF 12 50'S CHRISTMAS TISSUES,Seasonal & Gifts
23379,PACK OF 12 RED APPLE TISSUES,Home Decor
23380,PACK OF 12 VINTAGE DOILY TISSUES,Home Decor
23381,PACK OF 12 VINTAGE LEAF TISSUES ,Home Decor
23382,BOX OF 6 CHRISTMAS CAKE DECORATIONS,Kitchen & Dining
23388,WOODLAND MINI BACKPACK,Home Decor
23389,SPACEBOY MINI BACKPACK,Home Decor
23390,DOLLY GIRL MINI BACKPACK,Toys & Games
23391, I LOVE LONDON MINI BACKPACK,Home Decor
23392,SPACEBOY ROCKET LOLLY MAKERS,Home Decor
23393,HOME SWEET HOME CUSHION COVER ,Food & Confectionery
23394,POSTE FRANCE CUSHION COVER,Home Decor
23395,BELLE JARDINIERE CUSHION COVER,Kitchen & Dining
23396,BUTTERFLY CUSHION COVER,Home Decor
23397,FOOT STOOL HOME SWEET HOME ,Food & Confectionery
23398,HANGING HEART BONHEUR,Home Decor
23399,HOME SWEET HOME HANGING HEART,Food & Confectionery
23400,SHELF WITH 4 HOOKS HOME SWEET HOME,Food & Confectionery
23401,RUSTIC MIRROR WITH LACE HEART,Home Decor
23402,HOME SWEEET HOME 3 PEG HANGER ,Home Decor
23403,LETTER HOLDER HOME SWEET HOME,Home Decor
23404,HOME SWEET HOME BLACKBOARD,Food & Confectionery
23405,HOME SWEET HOME 2 DRAWER CABINET,Food & Confectionery
23406,HOME SWEET HOME KEY HOLDER,Home Decor
23407,SET OF 2 TRAYS HOME SWEET HOME,Food & Confectionery
23408,PHOTO FRAME LINEN AND LACE SMALL,Home Decor
23409,PHOTO FRAME LINEN AND LACE LARGE,Home Decor
23410,CURIO CABINET LINEN AND LACE ,Home Decor
23411, TRELLIS COAT RACK,Home Decor
23412,HEART MIRROR ANTIQUE WHITE,Home Decor
23413,VINTAGE COFFEE GRINDER BOX,Food & Confectionery
23414,ZINC BOX SIGN HOME,Home Decor
23415,HOME SWEET HOME HOOK,Food & Confectionery
23416,CHAMBRE HOOK,Home Decor
23417,BATHROOM HOOK,Home Decor
23418,LAVENDER TOILETTE BOTTLE,Home Decor
23419,HOME SWEET HOME BOTTLE ,Food & Confectionery
23420,PANTRY HOOK TEA STRAINER ,Food & Confectionery
23421,PANTRY HOOK SPATULA,Home Decor
23422,PANTRY HOOK BALLOON WHISK ,Home Decor
23423,PANTRY 3 HOOK ROLLING PIN HANGER,Home Decor
23424,GINGHAM RECIPE BOOK BOX,Home Decor
23425,STORAGE TIN HOME SWEET HOME,Food & Confectionery
23426,METAL SIGN DROP YOUR PANTS,Home Decor
23427,STOOL HOME SWEET HOME ,Food & Confectionery
23428,IVORY RETRO KITCHEN WALL CLOCK,Home Decor
23429,RED RETRO KITCHEN WALL CLOCK,Home Decor
23430,BLUE RETRO KITCHEN WALL CLOCK,Home Decor
23431,NATURAL HANGING QUILTED HEARTS ,Home Decor
23432,PRETTY HANGING QUILTED HEARTS,Home Decor
23433,HANGING QUILTED PATCHWORK APPLES,Home Decor
23434,3 RAFFIA RIBBONS 50'S CHRISTMAS ,Seasonal & Gifts
23435,3 RAFFIA RIBBONS VINTAGE CHRISTMAS,Seasonal & Gifts
23436,GIFT BAG LARGE VINTAGE CHRISTMAS,Seasonal & Gifts
23437, 50'S CHRISTMAS GIFT BAG LARGE,Seasonal & Gifts
23438, RED SPOT GIFT BAG LARGE,Seasonal & Gifts
23439,HAND WARMER RED LOVE HEART,Home Decor
23440,PAINT YOUR OWN EGGS IN CRATE,Home Decor
23441,HAND PAINTED HANGING EASTER EGG,Seasonal & Gifts
23442,12 HANGING EGGS HAND PAINTED,Home Decor
23444,Next Day Carriage,Home Decor
23445,ICE CREAM BUBBLES,Home Decor
23446,BLUE BUNNY EASTER EGG BASKET,Seasonal & Gifts
23447,PINK BUNNY EASTER EGG BASKET,Seasonal & Gifts
23448,CREAM BUNNY EASTER EGG BASKET,Seasonal & Gifts
23449,SET OF 6 EASTER RAINBOW CHICKS,Seasonal & Gifts
23451,SQUARE MINI PORTRAIT FRAME,Home Decor
23452,HEART MINI PORTRAIT FRAME,Home Decor
23453,OVAL  MINI PORTRAIT FRAME,Home Decor
23454,SET OF 3 MINI HANGING PORTRAITS,Home Decor
23455,SMALL PARLOUR PICTURE FRAME,Home Decor
23456,MEDIUM PARLOUR PICTURE FRAME ,Home Decor
23457,LARGE PARLOUR PICTURE FRAME,Home Decor
23458,DOLLY CABINET 3 DRAWERS ,Toys & Games
23459,DOLLY CABINET 2 DRAWERS ,Toys & Games
23460,SWEETHEART WALL TIDY ,Home Decor
23461,SWEETHEART BIRD HOUSE,Garden & Outdoor
23462,ROCOCO WALL MIRROR WHITE,Home Decor
23463,VINTAGE ZINC WATERING CAN,Garden & Outdoor
23464,VINTAGE ZINC WATERING CAN SMALL,Garden & Outdoor
23465,TUSCAN VILLA FEEDING STATION,Home Decor
23466,TUSCAN VILLA DOVECOTE,Home Decor
23467,VINTAGE ZINC PLANTER  ,Garden & Outdoor
23468,TUSCAN VILLA BIRD TABLE ,Garden & Outdoor
23469,CARD HOLDER LOVE BIRD SMALL,Home Decor
23470,CARD HOLDER LOVE BIRD LARGE ,Home Decor
23471,SIX DRAWER OFFICE TIDY,Home Decor
23472, NINE DRAWER OFFICE TIDY,Home Decor
23473,WOODLAND SMALL RED FELT HEART,Home Decor
23474,WOODLAND SMALL BLUE FELT HEART,Home Decor
23475,WOODLAND SMALL PINK FELT HEART,Home Decor
23476,WOODLAND LARGE RED FELT HEART,Home Decor
23477,WOODLAND LARGE BLUE FELT HEART,Home Decor
23478,WOODLAND LARGE PINK FELT HEART,Home Decor
23479,WIRE EGG BASKET ,Home Decor
23480,MINI LIGHTS WOODLAND MUSHROOMS,Home Decor
23481,PEARLISED IVORY HEART SMALL ,Home Decor
23482,PEARLISED IVORY HEART LARGE ,Home Decor
23483,HANGING  BUTTERFLY T-LIGHT HOLDER,Home Decor
23484,HEART TRELLISTRIPLE T-LIGHT HOLDER,Home Decor
23485,BOTANICAL GARDENS WALL CLOCK ,Home Decor
23486,ANTIQUE HEART SHELF UNIT,Home Decor
23487,SWEET HEART CAKE CARRIER,Kitchen & Dining
23489,"GARLAND, VINTAGE BELLS",Home Decor
23490,T-LIGHT HOLDER HANGING LOVE BIRD,Home Decor
23491,VINTAGE JINGLE BELLS HEART,Home Decor
23492,VINTAGE JINGLE BELLS WREATH,Home Decor
23493,VINTAGE DOILY TRAVEL SEWING KIT,Home Decor
23494,VINTAGE DOILY DELUXE SEWING KIT ,Home Decor
23495,SET OF 3 PANTRY WOODEN SPOONS,Kitchen & Dining
23496,PANTRY KITCHEN THERMOMETER ,Kitchen & Dining
23497,CLASSIC CHROME BICYCLE BELL ,Home Decor
23498,CLASSIC BICYCLE CLIPS ,Home Decor
23499,SET 12 VINTAGE DOILY CHALK ,Home Decor
23500,KEY RING BASEBALL BOOT ASSORTED ,Home Decor
23501,KEY RING BASEBALL BOOT UNION JACK,Home Decor
23502,PLAYING CARDS VINTAGE DOILEY ,Toys & Games
23503,PLAYING CARDS KEEP CALM & CARRY ON,Toys & Games
23504,PLAYING CARDS JUBILEE UNION JACK,Toys & Games
23505,PLAYING CARDS I LOVE LONDON ,Toys & Games
23506,MINI PLAYING CARDS SPACEBOY ,Toys & Games
23507,MINI PLAYING CARDS BUFFALO BILL ,Toys & Games
23508,MINI PLAYING CARDS DOLLY GIRL ,Toys & Games
23509,MINI PLAYING CARDS FUN FAIR ,Toys & Games
23510,MINI PLAYING CARDS GYMKHANA,Toys & Games
23511,EMBROIDERED RIBBON REEL EMILY ,Home Decor
23512,EMBROIDERED RIBBON REEL ROSIE,Home Decor
23513,EMBROIDERED RIBBON REEL SUSIE ,Home Decor
23514,EMBROIDERED RIBBON REEL SALLY ,Home Decor
23515,EMBROIDERED RIBBON REEL DAISY ,Home Decor
23516,EMBROIDERED RIBBON REEL SOPHIE  ,Home Decor
23517,EMBROIDERED RIBBON REEL REBECCA ,Home Decor
23518,EMBROIDERED RIBBON REEL RACHEL ,Home Decor
23519,EMBROIDERED RIBBON REEL CLAIRE,Home Decor
23520,EMBROIDERED RIBBON REEL RUBY ,Home Decor
23521,CAT AND BIRD WALL ART,Home Decor
23522,DOG AND BALL WALL ART,Home Decor
23523,TREASURE AHOY WALL ART,Home Decor
23524,HORSE & PONY WALL ART,Home Decor
23525,BUFFALO BILL WALL ART ,Home Decor
23526,DOG LICENCE WALL ART,Home Decor
23527,ANIMALS AND NATURE WALL ART,Home Decor
23528,SPACEBOY WALL ART,Home Decor
23529,DOLLY GIRL WALL ART,Home Decor
23530,WALL ART ONLY ONE PERSON ,Home Decor
23531,WALL ART BIG LOVE ,Home Decor
23532,WALL ART WORK REST AND PLAY  ,Home Decor
23533,WALL ART GARDEN HAVEN ,Home Decor
23534,STOP FOR TEA WALL ART,Home Decor
23535,BICYCLE SAFTEY WALL ART,Home Decor
23536,VILLAGE SHOW WALL ART,Home Decor
23537,I LOVE LONDON WALL ART,Home Decor
23538,WALL ART VINTAGE HEART,Home Decor
23539,WALL ART LOVES' SECRET ,Home Decor
23540,WALL ART THE MAGIC FOREST ,Home Decor
23541,WALL ART CLASSIC PUDDINGS ,Home Decor
23542,70'S ALPHABET WALL ART,Home Decor
23543,KEEP CALM WALL ART ,Home Decor
23544,WALL ART MID CENTURY MODERN ,Home Decor
23545,WRAP RED DOILEY,Seasonal & Gifts
23546,WRAP PAISLEY PARK ,Seasonal & Gifts
23547,WRAP FLOWER SHOP  ,Seasonal & Gifts
23548,WRAP MAGIC FOREST ,Seasonal & Gifts
23549,WRAP BIRD GARDEN ,Seasonal & Gifts
23550,WRAP ALPHABET POSTER  ,Seasonal & Gifts
23551,PACK OF 12 PAISLEY PARK TISSUES ,Home Decor
23552,BICYCLE PUNCTURE REPAIR KIT ,Home Decor
23553,LANDMARK FRAME CAMDEN TOWN ,Home Decor
23554,LANDMARK FRAME OXFORD STREET,Home Decor
23555,LANDMARK FRAME NOTTING HILL ,Home Decor
23556,LANDMARK FRAME COVENT GARDEN ,Home Decor
23557,LANDMARK FRAME BAKER STREET ,Home Decor
23558,LANDMARK FRAME LONDON BRIDGE ,Home Decor
23559,WOODLAND BUNNIES LOLLY MAKERS,Home Decor
23560,SET OF 6 RIBBONS COUNTRY STYLE,Home Decor
23561,SET OF 6 RIBBONS PARTY,Home Decor
23562,SET OF 6 RIBBONS PERFECTLY PRETTY  ,Home Decor
23564,EGG CUP MILKMAID INGRID,Kitchen & Dining
23565,EGG CUP MILKMAID HELGA ,Kitchen & Dining
23566,EGG CUP MILKMAID HEIDI,Kitchen & Dining
23567,EGG CUP HENRIETTA HEN PINK,Kitchen & Dining
23568,EGG CUP HENRIETTA HEN CREAM ,Kitchen & Dining
23569,TRADTIONAL ALPHABET STAMP SET,Stationery & Craft
23570,TRADITIONAL PICK UP STICKS GAME ,Toys & Games
23571,TRADITIONAL NAUGHTS & CROSSES,Home Decor
23574,PACKING CHARGE,Home Decor
23575,SNACK TRAY PAISLEY PARK,Home Decor
23576,SNACK TRAY RED VINTAGE DOILY,Home Decor
23578,SNACK TRAY RED GINGHAM,Home Decor
23579,SNACK TRAY I LOVE LONDON,Home Decor
23580,SNACK TRAY HAPPY FOREST  ,Home Decor
23581,JUMBO BAG PAISLEY PARK,Fashion & Accessories
23582,VINTAGE DOILY JUMBO BAG RED ,Fashion & Accessories
23583,LUNCH BAG PAISLEY PARK  ,Fashion & Accessories
23597,PAPER BUNTING PAISLEY PARK,Stationery & Craft
23598,PAPER BUNTING VINTAGE PARTY,Stationery & Craft
23630,SET 10 CARDS HANGING BAUBLES 17080,Stationery & Craft
23660,HENRIETTA HEN MUG ,Kitchen & Dining
23661,MILK MAIDS MUG ,Kitchen & Dining
23664,FLOWER SHOP DESIGN MUG,Home Decor
23681,LUNCH BAG RED VINTAGE DOILY,Fashion & Accessories
23691,KEEP CALM BIRTHDAY WRAP,Seasonal & Gifts
23692,WRAP A PRETTY THANK YOU,Seasonal & Gifts
23694,PAISLEY PARK CARD,Stationery & Craft
23695,DOILY THANK YOU CARD,Stationery & Craft
23697,A PRETTY THANK YOU CARD,Stationery & Craft
23702,High Resolution Image,Home Decor
23843,"PAPER CRAFT , LITTLE BIRDIE",Stationery & Craft
35001G,HAND OPEN SHAPE GOLD,Stationery & Craft
35001W,HAND OPEN SHAPE DECO.WHITE,Stationery & Craft
35004B,SET OF 3 BLACK FLYING DUCKS,Home Decor
35004C,SET OF 3 COLOURED  FLYING DUCKS,Home Decor
35004G,SET OF 3 GOLD FLYING DUCKS,Home Decor
35004P,SET OF 3 PINK FLYING DUCKS,Home Decor
35095A,BLUE VICTORIAN FABRIC OVAL BOX,Home Decor
35095B,RED VICTORIAN FABRIC OVAL BOX,Home Decor
35241,ENAMEL BLUE RIM BISCUIT BIN,Food & Confectionery
35265,COLOURFUL FLOWER FRUIT BOWL,Kitchen & Dining
35271S,GOLD PRINT PAPER BAG,Stationery & Craft
35400,WOODEN BOX ADVENT CALENDAR ,Home Decor
35443,RASTA IN BATH W SPLIFF ASHTRAY,Home Decor
35471D,SET OF 3 BIRD LIGHT PINK FEATHER ,Home Decor
35591T,TURQUOISE CHRISTMAS TREE ,Seasonal & Gifts
35597A,DUSTY PINK CHRISTMAS TREE 30CM,Seasonal & Gifts
35597B,BLACKCHRISTMAS TREE 30CM,Seasonal & Gifts
35597D,PINK/WHITE CHRISTMAS TREE 30CM,Seasonal & Gifts
35598A,DUSTY PINK CHRISTMAS TREE 60CM,Seasonal & Gifts
35598B,BLACK CHRISTMAS TREE 60CM,Seasonal & Gifts
35598C,WHITE CHRISTMAS TREE 60CM,Seasonal & Gifts
35598D,PINK/WHITE CHRISTMAS TREE 60CM,Seasonal & Gifts
35599B,BLACK CHRISTMAS TREE 120CM,Seasonal & Gifts
35599D,PINK AND WHITE CHRISTMAS TREE 120CM,Seasonal & Gifts
35607A,PINK FLUFFY CHRISTMAS DECORATION,Seasonal & Gifts
35607B,BLACK FEATHER CHRISTMAS DECORATION,Seasonal & Gifts
35610A,PINK CHRISTMAS FLOCK DROPLET ,Seasonal & Gifts
35610B,BLACK CHRISTMAS FLOCK DROPLET ,Seasonal & Gifts
35610C,WHITE CHRISTMAS FLOCK DROPLET ,Seasonal & Gifts
35637A,IVORY STRING CURTAIN WITH POLE ,Home Decor
35637C,PINK STRING CURTAIN WITH POLE,Home Decor
35638A,PINK AND BLACK STRING CURTAIN,Home Decor
35638B,PINK/BLUE STRING CURTAIN ,Home Decor
35645,VINTAGE BEAD PINK JEWEL BOX,Fashion & Accessories
35646,VINTAGE BEAD PINK EVENING BAG,Fashion & Accessories
35647,VINTAGE BEAD PINK SHADE ,Home Decor
35648,VINTAGE BEAD PINK PURSE ,Fashion & Accessories
35649,VINTAGE BEAD COSMETIC BAG ,Fashion & Accessories
35650,VINTAGE BEAD PINK JEWEL STAND,Fashion & Accessories
35651,VINTAGE BEAD PINK SCARF ,Fashion & Accessories
35653,VINTAGE BEAD NOTEBOOK,Stationery & Craft
35809A,ENAMEL PINK TEA CONTAINER,Food & Confectionery
35809B,ENAMEL BLUE RIM TEA CONTAINER,Food & Confectionery
35810A,ENAMEL PINK COFFEE CONTAINER,Food & Confectionery
35810B,ENAMEL BLUE RIM COFFEE CONTAINER,Food & Confectionery
35815P,"ACRYLIC JEWEL SNOWFLAKE, PINK",Fashion & Accessories
35816P,"ACRYLIC JEWEL ANGEL,PINK",Fashion & Accessories
35817P,"ACRYLIC JEWEL SNOWFLAKE,PINK",Fashion & Accessories
35818B,"ACRYLIC JEWEL ICICLE, BLUE",Fashion & Accessories
35818P,"ACRYLIC JEWEL ICICLE, PINK",Fashion & Accessories
35819B,"ACRYLIC HANGING JEWEL,BLUE",Fashion & Accessories
35819P,"ACRYLIC HANGING JEWEL,PINK",Fashion & Accessories
35833P,4 PINK FLOCK CHRISTMAS BALLS,Seasonal & Gifts
35909A,RABBIT EASTER DECORATION,Seasonal & Gifts
35909B,PINK FLOWERS RABBIT EASTER,Seasonal & Gifts
35910A,MULTICOLOUR EASTER RABBIT ,Seasonal & Gifts
35910B,PINK FLOWERS RABBIT EASTER,Seasonal & Gifts
35911A,MULTICOLOUR RABBIT EGG WARMER,Home Decor
35911B,PINK/FLOWER RABBIT EGG WARMER ,Garden & Outdoor
35912B,WHITE/PINK CHICK DECORATION,Home Decor
35913B,WHITE/PINK CHICK EASTER DECORATION,Seasonal & Gifts
35914,PINK CHICK EGG WARMER + EGG CUP,Kitchen & Dining
35915B,BLUE KNITTED HEN ,Home Decor
35915C,PEACH KNITTED HEN ,Home Decor
35916A,YELLOW FELT HANGING HEART W FLOWER,Garden & Outdoor
35916B,BLUE FELT HANGING HEART WITH FLOWER,Garden & Outdoor
35916C,PINK FELT HANGING HEART W FLOWER,Garden & Outdoor
35920,FOUR RABBIT EASTER DECORATIONS,Seasonal & Gifts
35921,EASTER BUNNY HANGING GARLAND,Seasonal & Gifts
35922,EASTER BUNNY WREATH,Seasonal & Gifts
35923,CANDY HEART HANGING DECORATION,Home Decor
35924,HANGING FAIRY CAKE DECORATION,Kitchen & Dining
35933,PINK STOCKING CHRISTMAS DECORATION,Seasonal & Gifts
35953,FOLKART STAR CHRISTMAS DECORATIONS,Seasonal & Gifts
35954,SMALL FOLKART STAR CHRISTMAS DEC,Seasonal & Gifts
35957,SMALLFOLKART BAUBLE CHRISTMAS DEC,Seasonal & Gifts
35958,FOLKART ZINC STAR CHRISTMAS DEC,Seasonal & Gifts
35961,FOLKART ZINC HEART CHRISTMAS DEC,Seasonal & Gifts
35964,FOLKART CLIP ON STARS,Home Decor
35965,FOLKART HEART NAPKIN RINGS,Home Decor
35966,FOLKART CHRISTMAS TREE T-LIGHT HOLD,Home Decor
35967,FOLK ART METAL STAR T-LIGHT HOLDER,Home Decor
35968,FOLK ART METAL HEART T-LIGHT HOLDER,Home Decor
35970,ZINC FOLKART SLEIGH BELLS,Home Decor
35971,ROSE FOLKART HEART DECORATIONS,Home Decor
35972,DAISY FOLKART HEART DECORATION,Home Decor
37327,ASSTD MULTICOLOUR CIRCLES MUG,Kitchen & Dining
37330,BIG POLKADOT MUG,Kitchen & Dining
37333,"RETRO ""TEA FOR ONE"" ",Food & Confectionery
37340,MULTICOLOUR SPRING FLOWER MUG,Kitchen & Dining
37342,POLKADOT COFFEE CUP & SAUCER PINK,Kitchen & Dining
37343,POLKADOT MUG PINK ,Kitchen & Dining
37351,ORANGE FLOWER MUG ,Kitchen & Dining
37370,RETRO COFFEE MUGS ASSORTED,Kitchen & Dining
37379A,PINK CHERRY BLOSSOM CUP & SAUCER,Kitchen & Dining
37413,ICON MUG REVOLUTIONARY,Kitchen & Dining
37423,WHITE WITH BLACK CATS PLATE,Kitchen & Dining
37444A,YELLOW BREAKFAST CUP AND SAUCER,Kitchen & Dining
37444B,BLUE BREAKFAST CUP AND SAUCER ,Kitchen & Dining
37444C,PINK BREAKFAST CUP AND SAUCER ,Kitchen & Dining
37446,MINI CAKE STAND WITH HANGING CAKES,Kitchen & Dining
37447,CERAMIC CAKE DESIGN SPOTTED PLATE,Home Decor
37448,CERAMIC CAKE DESIGN SPOTTED MUG,Home Decor
37449,CERAMIC CAKE STAND + HANGING CAKES,Kitchen & Dining
37450,CERAMIC CAKE BOWL + HANGING CAKES,Kitchen & Dining
37461,FUNKY MONKEY MUG,Kitchen & Dining
37462E,"PET MUG, GOLDFISH",Kitchen & Dining
37464,ROBOT MUG IN DISPLAY BOX,Kitchen & Dining
37467,PIG MUG IN TWO COLOUR DESIGNS,Home Decor
37468,HARDMAN MUG 3 ASSORTED,Kitchen & Dining
37471,MULTICOLOUR POLKADOT PLATE,Kitchen & Dining
37475,SET/4 COLOURFUL MIXING BOWLS,Kitchen & Dining
37476,CONDIMENT TRAY 4 BOWLS AND 4 SPOONS,Kitchen & Dining
37479B,CUBIC MUG FLOCK BLUE ON BROWN,Kitchen & Dining
37479P,CUBIC MUG FLOCK PINK ON BROWN,Kitchen & Dining
37482P,CUBIC MUG PINK POLKADOT,Kitchen & Dining
37487B,YELLOW/ORANGE FLOWER DESIGN PLATE,Home Decor
37488A,YELLOW PINK FLOWER DESIGN BIG BOWL,Home Decor
37489A,YELLOW/PINK FLOWER DESIGN BIG MUG,Home Decor
37489B,BLUE/YELLOW FLOWER DESIGN BIG MUG,Home Decor
37489C,GREEN/BLUE FLOWER DESIGN BIG MUG,Home Decor
37489D,PINK/GREEN FLOWER DESIGN BIG MUG,Home Decor
37491B,BLUE/YELLOW CERAMIC CANDLE HOLDER,Home Decor
37491C,GREEN/BLUE CERAMIC CANDLE HOLDER,Home Decor
37491D,PURPLE/BLUE CERAMIC CANDLE HOLDER,Home Decor
37495,FAIRY CAKE BIRTHDAY CANDLE SET,Home Decor
37500,TEA TIME TEAPOT IN GIFT BOX,Kitchen & Dining
37501,TEA TIME TEA SET IN GIFT BOX,Seasonal & Gifts
37509,NEW ENGLAND MUG W GIFT BOX,Kitchen & Dining
40001,WHITE BAMBOO RIBS LAMPSHADE,Home Decor
40003,WHITE BAMBOO RIBS LAMPSHADE,Home Decor
40005B,BLUE ORGANDY ROUND LAMPSHADE W BEA,Home Decor
40016,CHINESE DRAGON PAPER LANTERNS,Home Decor
40046A,RED DAISY PAPER LAMPSHADE,Stationery & Craft
44089A,PINK GAUZE BUTTERFLY LAMPSHADE,Home Decor
44089C,LILAC GAUZE BUTTERFLY LAMPSHADE,Home Decor
44091A,BLUE CRUSOE CHECK LAMPSHADE,Home Decor
44092B,BLUE WHITE PLASTIC RINGS LAMPSHADE,Home Decor
44092C,PURPLE/COPPER HANGING LAMPSHADE,Home Decor
44228,CANNABIS LEAF BEAD CURTAIN,Home Decor
44234,ASSORTED CIRCULAR MOBILE,Home Decor
44235,ASS COL CIRCLE MOBILE ,Home Decor
44236,PINK/PURPLE CIRCLE CURTAIN,Home Decor
44242A,LILAC FEATHERS CURTAIN,Home Decor
44242B,PINK FEATHERS CURTAIN,Home Decor
44265,M/COLOUR POM-POM CURTAIN,Home Decor
45013,FOLDING SHOE TIDY,Home Decor
46000M,POLYESTER FILLER PAD 45x45cm,Home Decor
46000P,POLYESTER FILLER PAD 65CMx65CM,Home Decor
46000R,POLYESTER FILLER PAD 45x30cm,Home Decor
46000S,POLYESTER FILLER PAD 40x40cm,Home Decor
46000U,POLYESTER FILLER PAD 30CMx30CM,Home Decor
46115B,GREEN POP ART MAO CUSHION COVER ,Home Decor
46118,FUNKY MONKEY CUSHION COVER,Home Decor
46126A,ELVIS WALLHANGING / CURTAIN,Home Decor
46138B,BLUE CHENILLE SHAGGY CUSHION COVER ,Home Decor
46775D,SUNSET COLOUR CHUNKY KNITTED THROW,Home Decor
46776A,WOVEN BUBBLE GUM CUSHION COVER,Home Decor
46776B,WOVEN BERRIES CUSHION COVER ,Home Decor
46776C,WOVEN FROST CUSHION COVER,Home Decor
46776D,WOVEN SUNSET CUSHION COVER ,Home Decor
46776E,WOVEN CANDY CUSHION COVER ,Home Decor
46776F,WOVEN ROSE GARDEN CUSHION COVER ,Garden & Outdoor
47013A,WINE BOTTLE DRESSING LT.BLUE,Home Decor
47013C,WINE BOTTLE DRESSING DARK BLUE,Home Decor
47016,LIGHT DECORATION BATTERY OPERATED,Home Decor
47021G,SET/6 BEAD COASTERS GAUZE BAG GOLD,Fashion & Accessories
47310M,"SMALL POP BOX,FUNKY MONKEY",Home Decor
47341A,FUSCHIA TABLE RUN FLOWER ,Garden & Outdoor
47341B,BLUE TABLE RUN FLOWER,Garden & Outdoor
47343A,FUSCHIA FLOWER PURSE WITH BEADS,Fashion & Accessories
47344B,BLUE FLOWER DES PURSE,Fashion & Accessories
47348A,FUSCHIA VOILE POINTY SHOE DEC,Home Decor
47351B,BLUE  VOILE LAMPSHADE,Home Decor
47367B,PAIR PADDED HANGERS PINK CHECK,Home Decor
47369A,PINK GREEN EMBROIDERY COSMETIC BAG,Fashion & Accessories
47369B,BLUE GREEN EMBROIDERY COSMETIC BAG,Fashion & Accessories
47420,ASSORTED COLOUR SUCTION CUP HOOK,Kitchen & Dining
47421,ASSORTED COLOUR LIZARD SUCTION HOOK,Home Decor
47422,ASSORTED MONKEY SUCTION CUP HOOK,Kitchen & Dining
47469,ASSORTED SHAPES PHOTO CLIP SILVER ,Home Decor
47471,RAINBOW PEGS PHOTO CLIP STRING,Home Decor
47480,HANGING PHOTO CLIP ROPE LADDER,Home Decor
47481,50CM METAL STRING WITH  7 CLIPS,Home Decor
47503A,ASS FLORAL PRINT MULTI SCREWDRIVER,Home Decor
47503H,ASS FLORAL PRINT SPIRIT LEVEL ,Home Decor
47503J,SET/3 FLORAL GARDEN TOOLS IN BAG,Fashion & Accessories
47504H,ENGLISH ROSE SPIRIT LEVEL ,Home Decor
47504K,ENGLISH ROSE GARDEN SECATEURS,Garden & Outdoor
47518F,ICON PLACEMAT POP ART ELVIS,Home Decor
47556B,TEA TIME TEA TOWELS ,Food & Confectionery
47559B,TEA TIME OVEN GLOVE,Food & Confectionery
47563A,RETRO LONGBOARD IRONING BOARD COVER,Home Decor
47566,PARTY BUNTING,Home Decor
47566B,TEA TIME PARTY BUNTING,Food & Confectionery
47567B,TEA TIME KITCHEN APRON,Kitchen & Dining
47570B,TEA TIME TABLE CLOTH,Food & Confectionery
47574A,ENGLISH ROSE SCENTED HANGING FLOWER,Garden & Outdoor
47574B,ENGLISH ROSE SCENTED HANGING HEART,Home Decor
47578A,ENGLISH ROSE SMALL SCENTED FLOWER,Garden & Outdoor
47579,TEA TIME BREAKFAST BASKET,Food & Confectionery
47580,TEA TIME DES TEA COSY,Food & Confectionery
47585A,PINK FAIRY CAKE CUSHION COVER,Kitchen & Dining
47586A,PINK FAIRY CAKE CUSHION COVER,Kitchen & Dining
47589,CONGRATULATIONS BUNTING,Home Decor
47590A,BLUE HAPPY BIRTHDAY BUNTING,Seasonal & Gifts
47590B,PINK HAPPY BIRTHDAY BUNTING,Seasonal & Gifts
47591B,SCOTTIES CHILDRENS APRON,Toys & Games
47591D,PINK FAIRY CAKE CHILDRENS APRON,Kitchen & Dining
47593A,CAROUSEL PONIES BABY BIB,Home Decor
47593B,SCOTTIE DOGS BABY BIB,Home Decor
47594A,CAROUSEL DESIGN WASHBAG,Home Decor
47594B,SCOTTIES DESIGN WASHBAG,Home Decor
47599A,PINK PARTY BAGS,Fashion & Accessories
47599B,BLUE PARTY BAGS ,Fashion & Accessories
48111,DOORMAT 3 SMILEY CATS,Home Decor
48116,DOORMAT MULTICOLOUR STRIPE,Home Decor
48129,DOORMAT TOPIARY,Home Decor
48138,DOORMAT UNION FLAG,Home Decor
48173C,DOORMAT BLACK FLOCK ,Home Decor
48184,DOORMAT ENGLISH ROSE ,Home Decor
48185,DOORMAT FAIRY CAKE,Kitchen & Dining
48187,DOORMAT NEW ENGLAND,Home Decor
48188,DOORMAT WELCOME PUPPIES,Home Decor
48194,DOORMAT HEARTS,Home Decor
51008,AFGHAN SLIPPER SOCK PAIR,Home Decor
51014A,"FEATHER PEN,HOT PINK",Stationery & Craft
51014C,"FEATHER PEN,COAL BLACK",Stationery & Craft
51014L,"FEATHER PEN,LIGHT PINK",Home Decor
51020A,SUMMER FUN DESIGN SHOWER CAP,Home Decor
51020B,STRIPY DESIGN SHOWER CAP,Home Decor
62018,SOMBRERO ,Home Decor
62043B,BLUE CHECK BAG W HANDLE 34X20CM,Fashion & Accessories
62074B,ELEPHANT CLIP W SUCTION CUP,Kitchen & Dining
62086A,PINK RETRO BIG FLOWER BAG,Fashion & Accessories
62094B,TURQ ICE CREAM BUM BAG ,Fashion & Accessories
62096A,PINK/YELLOW FLOWERS HANDBAG,Fashion & Accessories
62096B,PURPLE/TURQ FLOWERS HANDBAG,Fashion & Accessories
62097B,BLUE STRIPES SHOULDER BAG,Fashion & Accessories
70006,LOVE HEART POCKET WARMER,Home Decor
70007,HI TEC ALPINE HAND WARMER,Home Decor
71038,WHITE HANGING BEADS CANDLE HOLDER,Home Decor
71050,SMALL SINGLE FLAME CANDLE HOLDER,Home Decor
71053,WHITE METAL LANTERN,Home Decor
71101E,STANDING FAIRY POLE SUPPORT ,Home Decor
71143,SILVER BOOK MARK WITH BEADS,Home Decor
71215,METAL BASE FOR CANDLES,Home Decor
71270,PHOTO CLIP LINE,Home Decor
71279,PINK GLASS CANDLEHOLDER,Home Decor
71403,"PINK/WHITE ""KEEP CLEAN"" BULLET BIN",Home Decor
71406C,BLACK ORANGE SQUEEZER,Home Decor
71459,HANGING JAM JAR T-LIGHT HOLDER,Home Decor
71477,COLOUR GLASS. STAR T-LIGHT HOLDER,Home Decor
71495A,CD WALL TIDY BLUE OFFICE,Home Decor
71495B,CD WALL TIDY RED FLOWERS,Home Decor
71496A,A4 WALL TIDY BLUE OFFICE,Home Decor
71496B,A4 WALL TIDY RED FLOWERS,Home Decor
71510,SQUARE METAL CANDLEHOLDER BASE,Home Decor
72024U,LILAC VOTIVE CANDLE,Home Decor
72051S,BAG OF SILVER STONES,Fashion & Accessories
72122,COFFEE SCENT PILLAR CANDLE,Home Decor
72127,COLUMBIAN CANDLE ROUND ,Home Decor
72128,COLUMBIAN CANDLE ROUND,Home Decor
72130,COLUMBIAN CANDLE ROUND,Home Decor
72131,COLUMBIAN CANDLE RECTANGLE,Home Decor
72132,COLUMBIAN CUBE CANDLE,Home Decor
72133,COLUMBIAN CANDLE RECTANGLE,Home Decor
72134,COLUMBIAN  CUBE CANDLE ,Home Decor
72140E,BEST DAD CANDLE LETTERS,Home Decor
72225C,LAVENDER SCENT CAKE CANDLE,Home Decor
72232,FENG SHUI PILLAR CANDLE,Home Decor
72349B,SET/6 PURPLE BUTTERFLY T-LIGHTS,Home Decor
72351A,SET/6 TURQUOISE BUTTERFLY T-LIGHTS,Home Decor
72351B,SET/6 PINK  BUTTERFLY T-LIGHTS,Home Decor
72369A,PINK CLEAR GLASS CANDLE PLATE,Home Decor
72586,SET OF 6 HALLOWEEN GHOST T-LIGHTS,Home Decor
72598,SET/12 TAPER CANDLES,Home Decor
72709,IVORY SCULPTED RND CANDLE ,Home Decor
72741,GRAND CHOCOLATECANDLE,Home Decor
72760B,VINTAGE CREAM 3 BASKET CAKE STAND,Kitchen & Dining
72780,BLACK SILOUETTE CANDLE PLATE,Home Decor
72783,BLACK SIL'T SQU CANDLE PLATE ,Home Decor
72798C,SET/4 GARDEN ROSE DINNER CANDLE,Home Decor
72799C,PINK PILLAR CANDLE SILVER FLOCK,Home Decor
72799E,IVORY PILLAR CANDLE SILVER FLOCK,Home Decor
72799F,IVORY PILLAR CANDLE GOLD FLOCK,Home Decor
72800B, 4 PURPLE FLOCK DINNER CANDLES,Home Decor
72800C,4 PINK DINNER CANDLE SILVER FLOCK,Home Decor
72800D,4 BLUE DINNER CANDLES SILVER FLOCK,Home Decor
72800E,4 IVORY DINNER CANDLES SILVER FLOCK,Home Decor
72801C,4 ROSE PINK DINNER CANDLES,Home Decor
72801D,4 SKY BLUE DINNER CANDLES,Home Decor
72801G,4 BURGUNDY WINE DINNER CANDLES,Home Decor
72802A,ROSE SCENT CANDLE IN JEWELLED BOX,Home Decor
72802B,OCEAN SCENT CANDLE IN JEWELLED BOX,Home Decor
72802C,VANILLA SCENT CANDLE JEWELLED BOX,Home Decor
72803A,ROSE SCENT CANDLE JEWELLED DRAWER,Home Decor
72807A,SET/3 ROSE CANDLE IN JEWELLED BOX,Home Decor
72807B,SET/3 OCEAN SCENT CANDLE JEWEL BOX,Home Decor
72807C,SET/3 VANILLA SCENTED CANDLE IN BOX,Home Decor
72811,SMALL ZINC/GLASS CANDLEHOLDER,Home Decor
72812,LARGE ZINC GLASS CANDLEHOLDER,Home Decor
72815,3 WICK CHRISTMAS BRIAR CANDLE ,Home Decor
72816,SET/3 CHRISTMAS DECOUPAGE CANDLES,Home Decor
72817,SET OF 2 CHRISTMAS DECOUPAGE CANDLE,Home Decor
72818,CHRISTMAS DECOUPAGE CANDLE,Home Decor
72819,CUPID DESIGN SCENTED CANDLES,Home Decor
72821,CUPID SCENTED CANDLE IN GLASS,Home Decor
75011,BLUE DAISY MOBILE,Home Decor
75013B,"STRING OF 8 BUTTERFLIES,PINK",Home Decor
75049L,LARGE CIRCULAR MIRROR MOBILE,Home Decor
75131,METAL TUBE CHIME ON BAMBOO,Home Decor
75172,PAINTED SEA SHELL METAL WINDCHIME,Home Decor
75178,ASSTD COL BUTTERFLY/CRYSTAL W/CHIME,Home Decor
77079,DOLPHIN WINDMILL,Home Decor
77101A,UNION FLAG WINDSOCK,Home Decor
78033,FLAG OF ST GEORGE CHAIR,Home Decor
78034B,BLUE NETTING STORAGE HANGER,Home Decor
78124,MAGAZINE RACK GEBRA ASSORTED ,Home Decor
79000,MOROCCAN TEA GLASS,Food & Confectionery
79026B,"S/4 ICON COASTER,ELVIS LIVES",Home Decor
79030D,"TUMBLER, BAROQUE",Home Decor
79030G,"TUMBLER, NEW ENGLAND",Home Decor
79051A,SMOKEY GREY COLOUR D.O.F. GLASS,Home Decor
79062D,"RETRO TIN ASHTRAY,REVOLUTIONARY",Home Decor
79063C,"RETRO PILL BOX KEY CHAIN,THE KING",Home Decor
79063D,"RETRO PILL BOX , REVOLUTIONARY",Home Decor
79066K,RETRO MOD TRAY,Home Decor
79067,CORONA MEXICAN TRAY,Home Decor
79071B,ENGLISH ROSE METAL WASTE BIN,Home Decor
79144B,PAINTED LIGHTBULB STAR+ MOON,Home Decor
79144C,PAINTED LIGHTBULB RAINBOW DESIGN,Home Decor
79149B,SILICON STAR BULB  BLUE,Home Decor
79151B,"SILICON CUBE 25W, BLUE",Home Decor
79157B,UBO-LIGHT TRIOBASE BLUE,Home Decor
79157V,UBO-LIGHT TRIOBASE PURPLE,Home Decor
79160,HEART SHAPE WIRELESS DOORBELL,Home Decor
79161A,ST GEORGE SET OF 10 PARTY LIGHTS,Home Decor
79163,BLACK CHAMPAGNE GLASS,Home Decor
79164,BLACK WINE GLASS,Home Decor
79190A,RETRO PLASTIC 70'S TRAY,Home Decor
79190B,RETRO PLASTIC POLKA TRAY,Home Decor
79190D,RETRO PLASTIC DAISY TRAY,Home Decor
79191B,RETRO PLASTIC POLKA TRAY,Home Decor
79191C,RETRO PLASTIC ELEPHANT TRAY,Home Decor
79191D,RETRO PLASTIC DAISY TRAY,Home Decor
79192A,RETRO PLASTIC 70'S TRAY,Home Decor
79302M,"ART LIGHTS,FUNK MONKEY",Home Decor
79321,CHILLI LIGHTS,Home Decor
79323B,BLACK CHERRY LIGHTS,Home Decor
79323P,PINK CHERRY LIGHTS,Home Decor
79329,PINK FLOCK GLASS CANDLEHOLDER,Home Decor
79331,PINK FLOCK GLASS CANDLEHOLDER,Home Decor
79336,LIGHT PINK FLOCK GLASS CANDLEHOLDER,Home Decor
79337,BLUE FLOCK GLASS CANDLEHOLDER,Home Decor
79403,FROSTED WHITE BASE ,Home Decor
79406,FROSTED WHITE BASE ,Home Decor
81950B,FLOWER BLUE CLOCK WITH SUCKER,Home Decor
81950V,FLOWER PURPLE CLOCK W/SUCKER,Home Decor
81952B,ROUND BLUE CLOCK WITH SUCKER,Home Decor
81952V,ROUND PURPLE CLOCK WITH SUCKER,Home Decor
81953B,ROUND BLUE CLOCK WITH SUCKER,Home Decor
81953P,ROUND ARTICULATED PINK CLOCK W/SUCK,Home Decor
82001S,VINYL RECORD FRAME SILVER,Home Decor
82011A,"BATHROOM SCALES, TROPICAL BEACH",Home Decor
82011B,BATHROOM SCALES RUBBER DUCKS,Home Decor
82011C,BATHROOM SCALES FOOTPRINTS IN SAND,Home Decor
82095,HEART BUTTONS JEWELLERY BOX,Fashion & Accessories
82482,WOODEN PICTURE FRAME WHITE FINISH,Home Decor
82483,WOOD 2 DRAWER CABINET WHITE FINISH,Home Decor
82484,WOOD BLACK BOARD ANT WHITE FINISH,Home Decor
82486,WOOD S/3 CABINET ANT WHITE FINISH,Home Decor
82494L,WOODEN FRAME ANTIQUE WHITE ,Home Decor
82551,LAUNDRY 15C METAL SIGN,Home Decor
82552,WASHROOM METAL SIGN,Home Decor
82567,"AIRLINE LOUNGE,METAL SIGN",Home Decor
82578,KITCHEN METAL SIGN,Home Decor
82580,BATHROOM METAL SIGN,Home Decor
82581,TOILET METAL SIGN,Home Decor
82582,AREA PATROLLED METAL SIGN,Home Decor
82583,HOT BATHS METAL SIGN,Home Decor
82599,FANNY'S REST STOPMETAL SIGN,Home Decor
82600,NO SINGING METAL SIGN,Home Decor
82605,OLD DOC RUSSEL METAL SIGN,Home Decor
82613A,"METAL SIGN,CUPCAKE SINGLE HOOK",Home Decor
82613B,"METAL SIGN,CUPCAKE SINGLE HOOK",Home Decor
82613C,"METAL SIGN,CUPCAKE SINGLE HOOK",Home Decor
82613D,METAL SIGN CUPCAKE SINGLE HOOK,Home Decor
82615,PINK MARSHMALLOW SCARF KNITTING KIT,Fashion & Accessories
82616B,FRAPPUCINO SCARF KNITTING KIT,Fashion & Accessories
82616C,MIDNIGHT GLAMOUR SCARF KNITTING KIT,Fashion & Accessories
84006,MAGIC TREE -PAPER FLOWERS,Stationery & Craft
84012,MAGIC SHEEP WOOL GROWING FROM PAPER,Stationery & Craft
84016,FLAG OF ST GEORGE CAR FLAG,Home Decor
84029E,RED WOOLLY HOTTIE WHITE HEART.,Home Decor
84029G,KNITTED UNION FLAG HOT WATER BOTTLE,Home Decor
84030E,ENGLISH ROSE HOT WATER BOTTLE,Home Decor
84031A,CHARLIE+LOLA RED HOT WATER BOTTLE ,Home Decor
84031B,CHARLIE LOLA BLUE HOT WATER BOTTLE ,Home Decor
84032A,CHARLIE+LOLA PINK HOT WATER BOTTLE,Home Decor
84032B,CHARLIE + LOLA RED HOT WATER BOTTLE,Home Decor
84033,FLAG OF ST GEORGE ,Home Decor
84050,PINK HEART SHAPE EGG FRYING PAN,Home Decor
84051,ASS COLOUR GLOWING TIARAS,Home Decor
84077,WORLD WAR 2 GLIDERS ASSTD DESIGNS,Home Decor
84078A,SET/4 WHITE RETRO STORAGE CUBES ,Home Decor
84086B,YELLOW/BLUE RETRO RADIO,Home Decor
84086C,PINK/PURPLE RETRO RADIO,Home Decor
84192,ASSORTED COLOUR METAL CAT ,Home Decor
84199,GLOW IN DARK DOLPHINS,Home Decor
84201B,HAPPY BIRTHDAY CARD STRIPEY TEDDY,Seasonal & Gifts
84201C,HAPPY BIRTHDAY CARD TEDDY/CAKE,Kitchen & Dining
84206A,3 BLACK CATS W HEARTS BLANK CARD,Stationery & Craft
84206B,CAT WITH SUNGLASSES BLANK CARD,Stationery & Craft
84206C,CHAMPAGNE TRAY BLANK CARD,Stationery & Craft
84212,"ASSORTED FLOWER COLOUR ""LEIS""",Garden & Outdoor
84218,BOX/12 CHICK & EGG IN BASKET,Home Decor
84226,HEN HOUSE W FAMILY IN BARN & NEST,Home Decor
84227,HEN HOUSE W CHICK IN NEST,Home Decor
84228,HEN HOUSE W CHICK STANDING,Home Decor
84231,EASTER BUNNY WITH BASKET ON BACK,Seasonal & Gifts
84247E,PACK/12 XMAS FUN CARD,Seasonal & Gifts
84247G,"DECOUPAGE,GREETING CARD,",Stationery & Craft
84247K,"FOLK ART GREETING CARD,pack/12",Stationery & Craft
84247L,FAWN AND MUSHROOM GREETING CARD,Stationery & Craft
84247N,PACK/12 BLUE FOLKART CARDS,Stationery & Craft
84249A,"GREETING CARD,SQUARE, DOUGHNUTS",Stationery & Craft
84251B,"GREETING CARD, STICKY GORDON",Stationery & Craft
84251C,"GREETING CARD, TWO SISTERS.",Stationery & Craft
84251G,"GREETING CARD, OVERCROWDED POOL.",Stationery & Craft
84279B,CHERRY BLOSSOM DECORATIVE FLASK,Home Decor
84279P,CHERRY BLOSSOM  DECORATIVE FLASK,Home Decor
84306,S/3 PINK SQUARE PLANTERS ROSES,Garden & Outdoor
84313B,BLUE TV TRAY TABLE ,Home Decor
84313C,ORANGE TV TRAY TABLE ,Home Decor
84341B,SMALL PINK MAGIC CHRISTMAS TREE,Seasonal & Gifts
84347,ROTATING SILVER ANGELS T-LIGHT HLDR,Home Decor
84352,SILVER CHRISTMAS TREE BAUBLE STAND ,Seasonal & Gifts
84356,POMPOM CURTAIN,Home Decor
84358,FLOOR LAMP SHADE WOOD BASE,Home Decor
84360,TABLE LAMP WHITE SHADE WOOD BASE,Home Decor
84375,SET OF 20 KIDS COOKIE CUTTERS,Toys & Games
84378,SET OF 3 HEART COOKIE CUTTERS,Home Decor
84380,SET OF 3 BUTTERFLY COOKIE CUTTERS,Home Decor
84387A,BIRD ON BRANCH CANVAS SCREEN,Garden & Outdoor
84388,WISE MAN STAR SHAPE EGG PAN,Home Decor
84402B,PURPLE DRESS JEWELLERY STAND,Fashion & Accessories
84406B,CREAM CUPID HEARTS COAT HANGER,Kitchen & Dining
84415A,PINK FLOCK SUEDE CUSHION COVER ,Home Decor
84415B,BLUE FLOCK CUSHION COVER ,Home Decor
84422,PINK/BLUE DISC/MIRROR STRING,Home Decor
84429A,MEDIUM PINK BUDDHA HEAD ,Home Decor
84452,METAL RABBIT LADDER EASTER ,Seasonal & Gifts
84457,SET/3 RABBITS FLOWER SKIPPPING ROPE,Garden & Outdoor
84459A,PINK METAL CHICKEN HEART ,Home Decor
84459B,YELLOW METAL CHICKEN HEART ,Home Decor
84461,12 PINK HEN+CHICKS IN BASKET,Home Decor
84462,3 PINK HEN+CHICKS IN BASKET,Home Decor
84465,15 PINK FLUFFY CHICKS IN BOX,Home Decor
84466,TOP SECRET PEN SET,Stationery & Craft
84497,BUTTONS AND STRIPES NOTEBOOK ,Stationery & Craft
84499,BLACK FLOWER CANDLE PLATE,Home Decor
84507B,STRIPES DESIGN MONKEY DOLL,Home Decor
84507C,BLUE CIRCLES DESIGN MONKEY DOLL,Home Decor
84508A,CAMOUFLAGE DESIGN TEDDY,Home Decor
84508B,STRIPES DESIGN TEDDY,Home Decor
84508C,BLUE CIRCLES DESIGN TEDDY,Home Decor
84509A,SET OF 4 ENGLISH ROSE PLACEMATS,Home Decor
84509B,SET OF 4 FAIRY CAKE PLACEMATS,Kitchen & Dining
84509C,SET OF 4 POLKADOT PLACEMATS ,Home Decor
84509E,SET OF 4 CAROUSEL PLACEMATS ,Home Decor
84509G,SET OF 4 FAIRY CAKE PLACEMATS ,Kitchen & Dining
84510A,SET OF 4 ENGLISH ROSE COASTERS,Home Decor
84510C,SET OF 4 POLKADOT COASTERS,Home Decor
84510E,SET OF 4 GREEN CAROUSEL COASTERS,Home Decor
84519A,TOMATO CHARLIE+LOLA COASTER SET,Home Decor
84519B,CARROT CHARLIE+LOLA COASTER SET,Home Decor
84520B,PACK 20 ENGLISH ROSE PAPER NAPKINS,Stationery & Craft
84522,PINK PARTY SUNGLASSES,Home Decor
84527,FLAMES SUNGLASSES PINK LENSES,Home Decor
84531A,PINK KNITTED EGG COSY,Home Decor
84531B,BLUE KNITTED EGG COSY,Home Decor
84534B,FAIRY CAKE NOTEBOOK A5 SIZE,Kitchen & Dining
84535A,ENGLISH ROSE NOTEBOOK A6 SIZE,Stationery & Craft
84535B,FAIRY CAKES NOTEBOOK A6 SIZE,Kitchen & Dining
84536A,ENGLISH ROSE NOTEBOOK A7 SIZE,Stationery & Craft
84536B,FAIRY CAKES NOTEBOOK A7 SIZE,Kitchen & Dining
84539,KNITTED RABBIT DOLL ,Toys & Games
84548,CROCHET BEAR RED/BLUE  KEYRING,Toys & Games
84549,CROCHET WHITE RABBIT KEYRING ,Home Decor
84550,CROCHET LILAC/RED BEAR KEYRING,Toys & Games
84551,CROCHET DOG KEYRING,Home Decor
84558A,3D DOG PICTURE PLAYING CARDS,Toys & Games
84559A,3D SHEET OF DOG STICKERS,Stationery & Craft
84559B,3D SHEET OF CAT STICKERS,Stationery & Craft
84562A,PINK/WHITE RIBBED MELAMINE JUG,Kitchen & Dining
84563A,PINK & WHITE BREAKFAST TRAY,Home Decor
84563B,BLUE & WHITE BREAKFAST TRAY,Home Decor
84568,GIRLS ALPHABET IRON ON PATCHES ,Home Decor
84569A,PACK 3 IRON ON DOG PATCHES,Home Decor
84569B,PACK 3 FIRE ENGINE/CAR PATCHES,Home Decor
84569C,PACK 4 FLOWER/BUTTERFLY PATCHES,Garden & Outdoor
84569D,PACK 6 HEART/ICE-CREAM PATCHES,Home Decor
84575A,PINK DOG CANNISTER,Home Decor
84576,BLUE CAT BISCUIT BARREL PINK HEART,Food & Confectionery
84580,MOUSE TOY WITH PINK T-SHIRT,Toys & Games
84581,DOG TOY WITH PINK CROCHET SKIRT,Toys & Games
84584,PINK GINGHAM CAT WITH SCARF,Fashion & Accessories
84592,CROCHET ROSE PURSE WITH SUEDE BACK,Fashion & Accessories
84593,CROCHET ROSE DES CLOTHES HANGER,Home Decor
84595E,LARGE TORTILLA DESIGN RED BOWL,Home Decor
84596B,SMALL DOLLY MIX DESIGN ORANGE BOWL,Home Decor
84596E,SMALL LICORICE DES PINK BOWL,Kitchen & Dining
84596F,SMALL MARSHMALLOWS PINK BOWL,Kitchen & Dining
84596G,SMALL CHOCOLATES PINK BOWL,Kitchen & Dining
84596J,MIXED NUTS LIGHT GREEN BOWL,Home Decor
84596L,BISCUITS SMALL BOWL LIGHT BLUE,Home Decor
84597B,RETRO BROWN BALL ASHTRAY ,Home Decor
84597C,RETRO PINK BALL ASHTRAY ,Home Decor
84598,BOYS ALPHABET IRON ON PATCHES,Home Decor
84600,NEW BAROQUE JEWELLERY BOX ,Fashion & Accessories
84609,TALL ROCOCO CANDLE HOLDER,Home Decor
84613A,PINK NEW BAROQUE FLOCK CANDLESTICK,Home Decor
84613C,BLUE NEW BAROQUE FLOCK CANDLESTICK,Home Decor
84614A,PINK BAROQUE FLOCK CANDLE HOLDER,Home Decor
84616,SILVER ROCCOCO CHANDELIER,Home Decor
84617,NEW BAROQUE BLACK BOXES,Home Decor
84620,BLUE GINGHAM ROSE CUSHION COVER,Home Decor
84625A,PINK NEW BAROQUECANDLESTICK CANDLE,Home Decor
84625C,BLUE NEW BAROQUE CANDLESTICK CANDLE,Home Decor
84629,WHITE 3 FRAME BIRDS AND TREE ,Home Decor
84631,FRUIT TREE AND BIRDS WALL PLAQUE,Home Decor
84632,DECORATIVE HANGING SHELVING UNIT,Home Decor
84637,KITCHEN FLOWER POTS WALL PLAQUE,Home Decor
84638,SMALL KITCHEN FLOWER POTS PLAQUE,Kitchen & Dining
84658,WHITE STITCHED CUSHION COVER,Home Decor
84659A,WHITE TRAVEL ALARM CLOCK,Home Decor
84660A,WHITE STITCHED WALL CLOCK,Home Decor
84660B,BLACK STITCHED WALL CLOCK,Home Decor
84660C,PINK STITCHED WALL CLOCK,Home Decor
84661A,WHITE SQUARE TABLE CLOCK,Home Decor
84661B,BLACK SQUARE TABLE CLOCK,Home Decor
84661C,PINK SQUARE TABLE CLOCK,Home Decor
84663A,GRASS HOPPER WOODEN WALL CLOCK ,Home Decor
84665,SQUARE CHERRY BLOSSOM CABINET,Home Decor
84666,SQUARE CHERRY BLOSSOM CABINET,Home Decor
84673A,PINK FLY SWAT,Home Decor
84673B,BLUE FLY SWAT,Home Decor
84674,FLYING PIG WATERING CAN,Garden & Outdoor
84675,FROG KING WATERING CAN,Garden & Outdoor
84678,CLASSICAL ROSE SMALL VASE,Home Decor
84679,CLASSICAL ROSE TABLE LAMP,Home Decor
84683,CLASSICAL ROSE CANDLESTAND,Home Decor
84685,BEACH HUT KEY CABINET,Home Decor
84686,BEACH HUT MIRROR,Home Decor
84687,BEACH HUT SHELF W 3 DRAWERS,Home Decor
84688,BEACH HUT DESIGN BLACKBOARD,Home Decor
84689,S/2 BEACH HUT TREASURE CHESTS,Home Decor
84691,PACK 20 DOLLY PEGS,Toys & Games
84692,BOX OF 24 COCKTAIL PARASOLS,Home Decor
84705C,PINK FLOCK PHOTO FRAME ,Home Decor
84706D,CHERRY BLOSSOM TABLE CLOCK ,Home Decor
84706F,RED PEONY TABLE CLOCK,Home Decor
84707A,SILVER JEWELLED MIRROR TRINKET TRAY,Home Decor
84707B,PINK JEWELLED MIRROR TRINKET TRAY,Home Decor
84708B,PINK JEWELLED PHOTO FRAME ,Home Decor
84709B,PINK OVAL JEWELLED MIRROR,Home Decor
84711A,SILVER OVAL SHAPE TRINKET BOX,Home Decor
84711B,PINK OVAL SHAPE TRINKET BOX,Home Decor
84712B,PINK JEWELLED PHOTO FRAME,Home Decor
84715,SET OF 6 ICE CREAM SKITTLES,Home Decor
84723,CHERRY BLOSSOM CANVAS ART PICTURE,Home Decor
84725,FREESTYLE CANVAS ART PICTURE,Home Decor
84731,3 BIRDS CANVAS SCREEN,Garden & Outdoor
84732B,CUTE BIRD CEATURE SCREEN,Garden & Outdoor
84732D,CUTE RABBIT CEATURE SCREEN ,Home Decor
84741C,CITRUS GARLAND FELT FLOWERS ,Garden & Outdoor
84743C,ORANGE FELT VASE + FLOWERS,Home Decor
84744,S/6 SEW ON CROCHET FLOWERS,Garden & Outdoor
84745A,PINK HANGING GINGHAM EASTER HEN,Seasonal & Gifts
84745B,BLUE HANGING GINGHAM EASTER HEN,Seasonal & Gifts
84746,PINK EASTER HENS+FLOWER,Seasonal & Gifts
84748,FOLK FELT HANGING MULTICOL GARLAND,Home Decor
84750A,PINK SMALL GLASS CAKE STAND,Kitchen & Dining
84750B,BLACK SMALL GLASS CAKE STAND,Kitchen & Dining
84751B,BLACK MEDIUM GLASS CAKE STAND,Kitchen & Dining
84754,S/15 SILVER GLASS BAUBLES IN BAG,Fashion & Accessories
84755,COLOUR GLASS T-LIGHT HOLDER HANGING,Home Decor
84760S,SMALL HANGING GLASS+ZINC LANTERN,Home Decor
84763,ZINC FINISH 15CM PLANTER POTS,Garden & Outdoor
84766,SILVER ROCOCO CANDLE STICK,Home Decor
84773,RED ROSE AND LACE C/COVER,Home Decor
84789,ENCHANTED BIRD PLANT CAGE,Garden & Outdoor
84792,ENCHANTED BIRD COATHANGER 5 HOOK,Garden & Outdoor
84795B,SUNSET CHECK HAMMOCK,Home Decor
84795C,OCEAN STRIPE HAMMOCK ,Home Decor
84796A,PINK HAWAIIAN PICNIC HAMPER FOR 2,Home Decor
84796B,BLUE SAVANNAH PICNIC HAMPER FOR 2,Home Decor
84798A,PINK FOXGLOVE ARTIIFCIAL FLOWER,Garden & Outdoor
84798B,PURPLE FOXGLOVE ARTIIFCIAL FLOWER,Garden & Outdoor
84799,SPRIG LAVENDER ARTIFICIAL FLOWER,Garden & Outdoor
84800L,LARGE WHITE/PINK ROSE ART FLOWER,Garden & Outdoor
84800M,MEDIUM WHITE/PINK ROSE ART FLOWER,Garden & Outdoor
84800S,SMALL WHITE/PINK ROSE ART FLOWER,Garden & Outdoor
84801A,PINK HYDRANGEA ART FLOWER,Garden & Outdoor
84801B,WHITE HYDRANGEA ART FLOWER,Garden & Outdoor
84802A,WHITE ANEMONE ARTIFICIAL FLOWER,Garden & Outdoor
84802B,PURPLE ANEMONE ARTIFICIAL FLOWER,Garden & Outdoor
84803B,WHITE ALLIUM  ARTIFICIAL FLOWER,Garden & Outdoor
84804A,CREAM DELPHINIUM ARTIFICIAL FLOWER,Garden & Outdoor
84804B,BLUE DELPHINIUM ARTIFICIAL FLOWER,Garden & Outdoor
84805A,CREAM CLIMBING HYDRANGA ART FLOWER,Garden & Outdoor
84805B,BLUE CLIMBING HYDRANGA ART FLOWER,Garden & Outdoor
84806A,PINK CANDYSTUFT ARTIFICIAL FLOWER,Garden & Outdoor
84806B,WHITE CANDYSTUFT ARTIFICIAL FLOWER,Garden & Outdoor
84809A,WHITE CHRYSANTHEMUMS ART FLOWER,Garden & Outdoor
84809B,PINK CHRYSANTHEMUMS ART FLOWER,Garden & Outdoor
84813,SET OF 4 DIAMOND NAPKIN RINGS,Home Decor
84816,DANISH ROSE BEDSIDE CABINET,Home Decor
84817,DANISH ROSE DECORATIVE PLATE,Kitchen & Dining
84818,DANISH ROSE PHOTO FRAME,Home Decor
84819,DANISH ROSE ROUND SEWING BOX,Home Decor
84820,DANISH ROSE TRINKET TRAYS,Home Decor
84821,DANISH ROSE DELUXE COASTER,Home Decor
84823,DANISH ROSE FOLDING CHAIR,Home Decor
84824,DANISH ROSE UMBRELLA STAND,Fashion & Accessories
84826,ASSTD DESIGN 3D PAPER STICKERS,Home Decor
84827,ASS DES PHONE SPONGE CRAFT STICKER,Stationery & Craft
84828,JUNGLE POPSICLES ICE LOLLY HOLDERS,Home Decor
84832,ZINC WILLIE WINKIE  CANDLE STICK,Home Decor
84836,ZINC METAL HEART DECORATION,Home Decor
84840,SWEETHEART CARRY-ALL BASKET,Food & Confectionery
84842,HELLO SAILOR BATHROOM SET,Home Decor
84843,WHITE SOAP RACK WITH 2 BOTTLES,Home Decor
84846A,SCENTED CANDLE IN DIGITALIS TIN,Home Decor
84847,FLORAL BATHROOM SET,Home Decor
84849A,HELLO SAILOR BLUE SOAP HOLDER,Home Decor
84849B,FAIRY SOAP SOAP HOLDER,Home Decor
84849D,HOT BATHS SOAP HOLDER,Home Decor
84854,GIRLY PINK TOOL SET,Home Decor
84857B,BLUE MONTE CARLO HANDBAG,Fashion & Accessories
84857C,PINK MONTE CARLO HANDBAG,Fashion & Accessories
84858C,PINK RIVIERA HANDBAG,Fashion & Accessories
84859A,SILVER DISCO HANDBAG,Fashion & Accessories
84859B,BLUE DISCO HANDBAG,Fashion & Accessories
84859C,PINK DISCO HANDBAG,Fashion & Accessories
84865,NEW BAROQUE BLACK PHOTO ALBUM,Home Decor
84870B,BLUE GEISHA GIRL ,Home Decor
84870C,GREEN GEISHA GIRL ,Home Decor
84872A,TEATIME FUNKY FLOWER BACKPACK FOR 2,Garden & Outdoor
84873A,FUNKY FLOWER PICNIC BAG FOR 4,Fashion & Accessories
84874B,BLUE TRAVEL FIRST AID KIT,Home Decor
84875B,GREEN SQUARE COMPACT MIRROR,Home Decor
84875D,BLUE SQUARE COMPACT MIRROR,Home Decor
84876B,GREEN HEART COMPACT MIRROR,Home Decor
84876D,BLUE HEART COMPACT MIRROR,Home Decor
84877A,PINK ROUND COMPACT MIRROR,Home Decor
84877B,GREEN ROUND COMPACT MIRROR,Home Decor
84877D,BLUE ROUND COMPACT MIRROR,Home Decor
84879,ASSORTED COLOUR BIRD ORNAMENT,Garden & Outdoor
84880,WHITE WIRE EGG HOLDER,Home Decor
84881,BLUE WIRE SPIRAL CANDLE HOLDER,Home Decor
84882,GREEN WIRE STANDING CANDLE HOLDER,Home Decor
84884A,ANT WHITE WIRE HEART SPIRAL,Home Decor
84898F,YELLOW FLOWERS FELT HANDBAG KIT,Fashion & Accessories
84905,PINK BUTTERFLY CUSHION COVER ,Home Decor
84906,PINK B'FLY C/COVER W BOBBLES,Home Decor
84907,PINK YELLOW PATCH CUSHION COVER,Home Decor
84910A,PINK PAISLEY CUSHION COVER ,Home Decor
84912A,PINK ROSE WASHBAG,Fashion & Accessories
84912B,GREEN ROSE WASHBAG,Fashion & Accessories
84913A,SOFT PINK ROSE TOWEL ,Home Decor
84913B,MINT GREEN ROSE TOWEL,Home Decor
84915,HAND TOWEL PINK FLOWER AND DAISY,Garden & Outdoor
84916,HAND TOWEL PALE BLUE W FLOWERS,Garden & Outdoor
84917,WHITE HAND TOWEL WITH BUTTERFLY,Home Decor
84919,BLUE CUSHION COVER WITH FLOWER,Garden & Outdoor
84920,PINK FLOWER FABRIC PONY,Garden & Outdoor
84921,CREAM AND PINK FLOWERS PONY ,Garden & Outdoor
84922,PINK BUTTERFLY WASHBAG,Fashion & Accessories
84924A,WAKE UP COCKEREL CALENDAR SIGN ,Home Decor
84924F,PSYCHEDELIC METAL SIGN CALENDAR,Home Decor
84925D,LA PALMIERA WALL THERMOMETER,Home Decor
84925F,PSYCHEDELIC WALL THERMOMETER,Home Decor
84926A,WAKE UP COCKEREL TILE COASTER,Home Decor
84926D,LA PALMIERA TILE COASTER,Home Decor
84926E,FLOWERS TILE COASTER,Garden & Outdoor
84926F,PSYCHEDELIC TILE COASTER,Home Decor
84927A,WAKE UP COCKEREL TILE HOOK,Home Decor
84927D,LA PALMIERA TILE HOOK,Home Decor
84927E,FLOWERS TILE HOOK,Garden & Outdoor
84927F,PSYCHEDELIC TILE HOOK,Home Decor
84929,ASSTD FRUIT+FLOWERS FRIDGE MAGNETS,Garden & Outdoor
84931A,PINK SCOTTIE DOG W FLOWER PATTERN,Garden & Outdoor
84931B,BLUE SCOTTIE DOG W FLOWER PATTERN,Garden & Outdoor
84944,SET OF 6 KASHMIR FOLKART BAUBLES,Home Decor
84945,MULTI COLOUR SILVER T-LIGHT HOLDER,Home Decor
84946,ANTIQUE SILVER TEA GLASS ETCHED,Food & Confectionery
84947,ANTIQUE SILVER TEA GLASS ENGRAVED,Food & Confectionery
84949,SILVER HANGING T-LIGHT HOLDER,Home Decor
84950,ASSORTED COLOUR T-LIGHT HOLDER,Home Decor
84951A,SET OF 4 PISTACHIO LOVEBIRD COASTER,Garden & Outdoor
84951B,SET OF 4 BLACK LOVEBIRD COASTERS,Garden & Outdoor
84952A,CLEAR LOVE BIRD T-LIGHT HOLDER,Home Decor
84952B,BLACK LOVE BIRD T-LIGHT HOLDER,Home Decor
84952C,MIRROR LOVE BIRD T-LIGHT HOLDER,Home Decor
84963A,PINK PAINTED KASHMIRI CHAIR,Home Decor
84963B,BLUE PAINTED KASHMIRI CHAIR,Home Decor
84968A,SET OF 16 VINTAGE ROSE CUTLERY,Home Decor
84968B,SET OF 16 VINTAGE IVORY CUTLERY,Home Decor
84968C,SET OF 16 VINTAGE PISTACHIO CUTLERY,Home Decor
84968D,SET OF 16 VINTAGE RED CUTLERY,Home Decor
84968E,SET OF 16 VINTAGE BLACK CUTLERY,Home Decor
84968F,SET OF 16 VINTAGE SKY BLUE CUTLERY,Home Decor
84969,BOX OF 6 ASSORTED COLOUR TEASPOONS,Kitchen & Dining
84970L,SINGLE HEART ZINC T-LIGHT HOLDER,Home Decor
84970S,HANGING HEART ZINC T-LIGHT HOLDER,Home Decor
84971S,SMALL HEART FLOWERS HOOK ,Garden & Outdoor
84974,S/2 ZINC HEART DESIGN PLANTERS,Home Decor
84975,HEART SHAPED MIRROR,Home Decor
84976,RECTANGULAR SHAPED MIRROR,Home Decor
84978,HANGING HEART JAR T-LIGHT HOLDER,Home Decor
84984A,GREEN PEONY CUSHION COVER,Home Decor
84984B,RED PEONY CUSHION COVER ,Home Decor
84984D,ORIENTAL RED CUSHION COVER ,Home Decor
84985A,SET OF 72 GREEN PAPER DOILIES,Stationery & Craft
84987,SET OF 36 TEATIME PAPER DOILIES,Stationery & Craft
84988,SET OF 72 PINK HEART PAPER DOILIES,Stationery & Craft
84989A,75 GREEN FAIRY CAKE CASES,Kitchen & Dining
84990,60 GOLD AND SILVER FAIRY CAKE CASES,Kitchen & Dining
84991,60 TEATIME FAIRY CAKE CASES,Kitchen & Dining
84992,72 SWEETHEART FAIRY CAKE CASES,Kitchen & Dining
84993A,75 GREEN PETIT FOUR CASES,Home Decor
84993B,75 BLACK PETIT FOUR CASES,Home Decor
84997A,GREEN 3 PIECE POLKADOT CUTLERY SET,Home Decor
84997B,RED 3 PIECE RETROSPOT CUTLERY SET,Garden & Outdoor
84997C,BLUE 3 PIECE POLKADOT CUTLERY SET,Home Decor
84997D,PINK 3 PIECE POLKADOT CUTLERY SET,Home Decor
85006,SET 4 NURSERY DES ROUND BOXES,Home Decor
85008,SET OF 3 CONEY ISLAND OVAL BOXES,Home Decor
85014A,BLACK/BLUE POLKADOT UMBRELLA,Fashion & Accessories
85014B,RED RETROSPOT UMBRELLA,Fashion & Accessories
85015,SET OF 12  VINTAGE POSTCARD SET,Stationery & Craft
85016,SET OF 6 VINTAGE NOTELETS KIT,Home Decor
85017A,ENVELOPE 50 ROMANTIC IMAGES,Home Decor
85017B,ENVELOPE 50 BLOSSOM IMAGES,Home Decor
85017C,ENVELOPE 50 CURIOUS IMAGES,Home Decor
85018D,YULETIDE IMAGES S/6 PAPER BOXES,Stationery & Craft
85019A,ROMANTIC IMAGES NOTEBOOK SET,Stationery & Craft
85019B,BLOSSOM  IMAGES NOTEBOOK SET,Stationery & Craft
85019C,CURIOUS  IMAGES NOTEBOOK SET,Stationery & Craft
85020,ROUND PINK HEART MIRROR,Home Decor
85023B,EAU DE NILE JEWELLED PHOTOFRAME,Home Decor
85024B,EAU DE NILE JEWELLED PHOTOFRAME,Home Decor
85024C,PINK SMALL JEWELLED PHOTOFRAME,Home Decor
85025B,EAU DE NILE HEART SHAPE PHOTO FRAME,Home Decor
85025C,PINK HEART SHAPE PHOTO FRAME,Home Decor
85026B,EAU DE NILE JEWELLED T-LIGHT HOLDER,Home Decor
85027L,FRENCH CHATEAU LARGE PLATTER ,Food & Confectionery
85028L,FRENCH CHATEAU LARGE FRUIT BOWL ,Kitchen & Dining
85028S,FRENCH CHATEAU SMALL FRUITBOWL,Kitchen & Dining
85030,FRENCH CHATEAU OVAL PLATTER,Food & Confectionery
85031A,ROMANTIC IMAGES SCRAP BOOK SET,Home Decor
85031B,BLOSSOM IMAGES SCRAP BOOK SET,Home Decor
85031C,CURIOUS IMAGES SCRAP BOOK SET,Home Decor
85032A,ROMANTIC IMAGES GIFT WRAP SET,Seasonal & Gifts
85032B,BLOSSOM IMAGES GIFT WRAP SET,Seasonal & Gifts
85032C,CURIOUS IMAGES GIFT WRAP SET,Seasonal & Gifts
85032D,YULETIDE IMAGES GIFT WRAP SET,Seasonal & Gifts
85034A,3 GARDENIA MORRIS BOXED CANDLES,Home Decor
85034B,3 WHITE CHOC MORRIS BOXED CANDLES,Home Decor
85034C,3 ROSE MORRIS BOXED CANDLES,Home Decor
85035A,GARDENIA 3 WICK MORRIS BOXED CANDLE,Home Decor
85035B,CHOCOLATE 3 WICK MORRIS BOX CANDLE,Home Decor
85035C,ROSE 3 WICK MORRIS BOX CANDLE,Home Decor
85036A,GARDENIA 1 WICK MORRIS BOXED CANDLE,Home Decor
85036B,CHOCOLATE 1 WICK MORRIS BOX CANDLE,Home Decor
85036C,ROSE 1 WICK MORRIS BOXED CANDLE,Home Decor
85038,6 CHOCOLATE LOVE HEART T-LIGHTS,Home Decor
85039A,SET/4 RED MINI ROSE CANDLE IN BOWL,Home Decor
85039B,S/4 IVORY MINI ROSE CANDLE IN BOWL,Home Decor
85039C,S/4 BLACK MINI ROSE CANDLE IN BOWL,Home Decor
85040A,S/4 PINK FLOWER CANDLES IN BOWL,Home Decor
85040B,SET/4 BLUE FLOWER CANDLES IN BOWL,Home Decor
85045,GREEN CHRISTMAS TREE STRING 20LIGHT,Home Decor
85047,WHITE BEADED GARLAND STRING 20LIGHT,Home Decor
85048,15CM CHRISTMAS GLASS BALL 20 LIGHTS,Home Decor
85049A,TRADITIONAL CHRISTMAS RIBBONS,Seasonal & Gifts
85049B,LUSH GREENS RIBBONS,Home Decor
85049C,ROMANTIC PINKS RIBBONS ,Home Decor
85049D,BRIGHT BLUES RIBBONS ,Home Decor
85049E,SCANDINAVIAN REDS RIBBONS,Home Decor
85049F,BABY BOOM RIBBONS ,Home Decor
85049G,CHOCOLATE BOX RIBBONS ,Food & Confectionery
85049H,URBAN BLACK RIBBONS ,Home Decor
85053,FRENCH ENAMEL CANDLEHOLDER,Home Decor
85054,FRENCH ENAMEL POT W LID,Garden & Outdoor
85055,FRENCH ENAMEL UTENSIL HOLDER,Home Decor
85059,FRENCH ENAMEL WATER BASIN,Home Decor
85061W,WHITE JEWELLED HEART DECORATION,Fashion & Accessories
85062,PEARL CRYSTAL PUMPKIN T-LIGHT HLDR,Home Decor
85064,CREAM SWEETHEART LETTER RACK,Food & Confectionery
85066,CREAM SWEETHEART MINI CHEST,Food & Confectionery
85067,CREAM SWEETHEART WALL CABINET,Home Decor
85071A,BLUE CHARLIE+LOLA PERSONAL DOORSIGN,Home Decor
85071B,RED CHARLIE+LOLA PERSONAL DOORSIGN,Home Decor
85071C,"CHARLIE+LOLA""EXTREMELY BUSY"" SIGN",Home Decor
85071D,CHARLIE+LOLA MY ROOM DOOR SIGN,Home Decor
85078,SCANDINAVIAN 3 HEARTS NAPKIN RING,Home Decor
85084,HOLLY TOP CHRISTMAS STOCKING,Seasonal & Gifts
85086A,CANDY SPOT HEART DECORATION,Garden & Outdoor
85087,CANDY SPOT CUSHION COVER,Garden & Outdoor
85088,CANDY SPOT HAND BAG,Fashion & Accessories
85089,CANDY SPOT BUNNY,Garden & Outdoor
85092,CANDY SPOT TEA COSY,Garden & Outdoor
85093,CANDY SPOT EGG WARMER HARE,Garden & Outdoor
85094,CANDY SPOT EGG WARMER RABBIT,Garden & Outdoor
85095,THREE CANVAS LUGGAGE TAGS,Home Decor
85096,HILDA CANDY SPOT RABBIT,Garden & Outdoor
85099B,JUMBO BAG RED RETROSPOT,Fashion & Accessories
85099C,JUMBO  BAG BAROQUE BLACK WHITE,Fashion & Accessories
85099F,JUMBO BAG STRAWBERRY,Fashion & Accessories
85103,SILVER T-LIGHT SETTING,Home Decor
85104,SILVER GLASS T-LIGHT SET,Home Decor
85106,CUT GLASS HEXAGON T-LIGHT HOLDER,Home Decor
85107,CUT GLASS T-LIGHT HOLDER OCTAGON,Home Decor
85109,PINK BOUDOIR T-LIGHT HOLDER,Home Decor
85111,SILVER GLITTER FLOWER VOTIVE HOLDER,Home Decor
85114A,BLACK ENCHANTED FOREST PLACEMAT,Home Decor
85114B,IVORY ENCHANTED FOREST PLACEMAT,Home Decor
85114C,RED ENCHANTED FOREST PLACEMAT,Home Decor
85116,BLACK CANDELABRA T-LIGHT HOLDER,Home Decor
85118,HEART T-LIGHT HOLDER,Home Decor
85123A,WHITE HANGING HEART T-LIGHT HOLDER,Home Decor
85124B,BLUE JUICY FRUIT PHOTO FRAME,Home Decor
85124C,GREEN JUICY FRUIT PHOTO FRAME,Home Decor
85125,SMALL ROUND CUT GLASS CANDLESTICK,Home Decor
85127,SMALL SQUARE CUT GLASS CANDLESTICK,Home Decor
85129B,BEADED CRYSTAL HEART GREEN SMALL,Home Decor
85129C,BEADED CRYSTAL HEART BLUE SMALL,Home Decor
85129D,BEADED CRYSTAL HEART PINK SMALL,Home Decor
85130A,BEADED PEARL HEART WHITE LARGE,Home Decor
85130B,BEADED CRYSTAL HEART GREEN LARGE,Home Decor
85130C,BEADED CRYSTAL HEART BLUE  LARGE,Home Decor
85130D,BEADED CRYSTAL HEART PINK LARGE,Home Decor
85131A,BEADED PEARL HEART WHITE ON STICK,Home Decor
85131B,BEADED CRYSTAL HEART GREEN ON STICK,Home Decor
85131C,BEADED CRYSTAL HEART BLUE ON STICK,Home Decor
85131D,BEADED CRYSTAL HEART PINK ON STICK,Home Decor
85132A,CHARLIE + LOLA BISCUITS TINS,Food & Confectionery
85132B,CHARLIE AND LOLA TABLE TINS,Home Decor
85132C,CHARLIE AND LOLA FIGURES TINS,Home Decor
85135A,YELLOW DRAGONFLY HELICOPTER,Home Decor
85135B,BLUE DRAGONFLY HELICOPTER,Home Decor
85135C,RED DRAGONFLY HELICOPTER,Home Decor
85136A,YELLOW SHARK HELICOPTER,Home Decor
85136B,BLUE SHARK HELICOPTER,Home Decor
85136C,RED SHARK HELICOPTER,Home Decor
85141,JARDIN ETCHED GLASS FRUITBOWL,Kitchen & Dining
85144,JARDIN ETCHED GLASS BUTTER DISH,Kitchen & Dining
85145,JARDIN ETCHED GLASS LARGE BELL JAR,Kitchen & Dining
85146,JARDIN ETCHED GLASS SMALL BELL JAR,Kitchen & Dining
85150,LADIES & GENTLEMEN METAL SIGN,Home Decor
85152,HAND OVER THE CHOCOLATE   SIGN ,Home Decor
85159A,"BLACK TEA,COFFEE,SUGAR JARS",Kitchen & Dining
85159B,"WHITE TEA,COFFEE,SUGAR JARS",Kitchen & Dining
85160B,BLACK BIRD GARDEN DESIGN MUG,Home Decor
85161,ACRYLIC GEOMETRIC LAMP,Home Decor
85163A,WHITE BAROQUE WALL CLOCK ,Home Decor
85163B,BLACK BAROQUE WALL CLOCK ,Home Decor
85167B,BLACK GRAND BAROQUE PHOTO FRAME,Home Decor
85168B,BLACK BAROQUE CARRIAGE CLOCK,Home Decor
85169A,IVORY LOVE BIRD CANDLE,Home Decor
85169B,BLACK LOVE BIRD CANDLE,Home Decor
85169C,EAU DE NIL LOVE BIRD CANDLE,Home Decor
85169D,PINK LOVE BIRD CANDLE,Home Decor
85170A,SET/6 IVORY BIRD T-LIGHT CANDLES,Home Decor
85170B,SET/6 BLACK BIRD T-LIGHT CANDLES,Home Decor
85170C,SET/6 EAU DE NIL BIRD T-LIGHTS,Home Decor
85170D,SET/6 PINK BIRD T-LIGHT CANDLES,Home Decor
85172,HYACINTH BULB T-LIGHT CANDLES,Home Decor
85173,SET/6 FROG PRINCE T-LIGHT CANDLES,Home Decor
85174,S/4 CACTI CANDLES,Home Decor
85175,CACTI T-LIGHT CANDLES,Home Decor
85176,SEWING SUSAN 21 NEEDLE SET,Home Decor
85177,BASKET OF FLOWERS SEWING KIT,Garden & Outdoor
85178,VICTORIAN SEWING KIT,Home Decor
85179A,GREEN BITTY LIGHT CHAIN,Home Decor
85179C,PINK BITTY LIGHT CHAIN,Home Decor
85180A,RED HEARTS LIGHT CHAIN ,Home Decor
85180B,PINK HEARTS LIGHT CHAIN ,Home Decor
85183A,CHARLIE & LOLA WASTEPAPER BIN BLUE,Stationery & Craft
85183B,CHARLIE & LOLA WASTEPAPER BIN FLORA,Stationery & Craft
85184C,S/4 VALENTINE DECOUPAGE HEART BOX,Seasonal & Gifts
85185B,PINK HORSE SOCK PUPPET,Home Decor
85185D,FROG SOCK PUPPET,Home Decor
85186A,EASTER BUNNY GARLAND OF FLOWERS,Seasonal & Gifts
85186C,BUNNY EGG GARLAND,Home Decor
85187,S/12 MINI RABBIT EASTER,Seasonal & Gifts
85188A,GREEN METAL SWINGING BUNNY,Home Decor
85188B,PINK METAL SWINGING BUNNY,Home Decor
85189,HANGING BUTTERFLY  EGG,Home Decor
85194L,HANGING SPRING FLOWER EGG LARGE,Garden & Outdoor
85194S,HANGING SPRING FLOWER EGG SMALL,Garden & Outdoor
85195,HANGING HEART BASKET,Home Decor
85197,SET OF 12 MINI BUNNIES IN A BUCKET,Home Decor
85198,ASSORTED FARMYARD ANIMALS IN BUCKET,Home Decor
85199L,LARGE HANGING IVORY & RED WOOD BIRD,Garden & Outdoor
85199S,SMALL HANGING IVORY/RED WOOD BIRD,Garden & Outdoor
85200,BUNNY EGG BOX,Home Decor
85202,HANGING WOOD AND FELT HEART,Home Decor
85203,HANGING WOOD AND FELT BUTTERFLY ,Home Decor
85204,HANGING WOOD AND FELT FLOWER,Garden & Outdoor
85205B,PINK FELT EASTER RABBIT GARLAND,Seasonal & Gifts
85206A,CREAM FELT EASTER EGG BASKET,Seasonal & Gifts
85206B,PINK FELT EASTER EGG BASKET,Seasonal & Gifts
85208,SET/12 FUNKY FELT FLOWER PEG IN BAG,Fashion & Accessories
85211,S/4 GROOVY CAT MAGNETS,Home Decor
85212,MINI PAINTED GARDEN DECORATION ,Garden & Outdoor
85213,MINI  ZINC GARDEN DECORATIONS ,Garden & Outdoor
85214,TUB 24 PINK FLOWER PEGS,Garden & Outdoor
85215,ASSORTED CHEESE FRIDGE MAGNETS,Home Decor
85216,ASSORTED CAKES FRIDGE MAGNETS,Kitchen & Dining
85224,ASSORTED COLOUR SILK GLASSES CASE,Home Decor
85225,BLING KEY RING STAND,Home Decor
85227,SET OF 6 3D KIT CARDS FOR KIDS,Toys & Games
85230A,OPIUM SCENTED VOTIVE CANDLE,Home Decor
85230B,CINNAMON SCENTED VOTIVE CANDLE,Home Decor
85230E,STRAWBRY SCENTED VOTIVE CANDLE,Home Decor
85230F,JASMINE VOTIVE CANDLE,Home Decor
85230G,ORANGE VOTIVE CANDLE,Home Decor
85231B,CINAMMON SET OF 9 T-LIGHTS,Home Decor
85231G,ORANGE SCENTED SET/9 T-LIGHTS,Home Decor
85232A,SET/3 POLKADOT STACKING TINS,Home Decor
85232B,SET OF 3 BABUSHKA STACKING TINS,Home Decor
85232D,SET/3 DECOUPAGE STACKING TINS,Home Decor
90000A,RASPBERRY ANT COPPER FLOWER NECKLAC,Garden & Outdoor
90000B,MIDNIGHT BLUE COPPER FLOWER NECKLAC,Garden & Outdoor
90000D,COPPER/OLIVE GREEN FLOWER NECKLACE,Fashion & Accessories
90001A,ANTIQUE RASPBERRY FLOWER EARRINGS,Garden & Outdoor
90001B,ANTIQUE MID BLUE FLOWER EARRINGS,Garden & Outdoor
90001C,ANTIQUE OPAL WHITE FLOWER EARRINGS,Garden & Outdoor
90001D,ANTIQUE OLIVE GREEN FLOWER EARRINGS,Garden & Outdoor
90002D,FLOWER BURST SILVER RING CRYSTAL,Garden & Outdoor
90003B,ROSE COLOUR PAIR HEART HAIR SLIDES,Home Decor
90003C,MIDNIGHT BLUE PAIR HEART HAIR SLIDE,Home Decor
90003D,CRYSTAL PAIR HEART HAIR SLIDES,Home Decor
90003E,GREEN PAIR HEART HAIR SLIDES,Home Decor
90010A,MIDNIGHT BLUE GLASS/SILVER BRACELET,Fashion & Accessories
90010B,BLACK/WHITE GLASS/SILVER BRACELET,Fashion & Accessories
90010E,AMBER GLASS/SILVER BRACELET,Fashion & Accessories
90011A,MIDNIGHT BLUE CRYSTAL DROP EARRINGS,Home Decor
90011B,BLACK CRYSTAL DROP EARRINGS,Home Decor
90012A,MIDNIGHT BLUE DROP CRYSTAL NECKLACE,Fashion & Accessories
90012B,BLACK DROP CRYSTAL NECKLACE,Fashion & Accessories
90013A,MIDNIGHT BLUE VINTAGE EARRINGS,Home Decor
90013C,GREEN VINTAGE EARRINGS ,Home Decor
90014A,SILVER/MOP ORBIT NECKLACE,Fashion & Accessories
90014B,GOLD M PEARL  ORBIT NECKLACE,Fashion & Accessories
90014C,SILVER/BLACK ORBIT NECKLACE,Fashion & Accessories
90016A,SILVER/M.O.P PENDANT ORBIT NECKLACE,Stationery & Craft
90016B,GOLD/M.O.P PENDANT ORBIT NECKLACE,Stationery & Craft
90018A,SILVER M.O.P ORBIT DROP EARRINGS,Home Decor
90018B,GOLD M.O.P ORBIT DROP EARRINGS,Home Decor
90018C,SILVER BLACK ORBIT DROP EARRINGS,Home Decor
90019A,SILVER M.O.P ORBIT BRACELET,Fashion & Accessories
90019B,GOLD M.O.P ORBIT BRACELET,Fashion & Accessories
90019C,SILVER BLACK ORBIT BRACELET,Fashion & Accessories
90021,LASER CUT MULTI STRAND NECKLACE,Fashion & Accessories
90022,EDWARDIAN DROP EARRINGS JET BLACK,Home Decor
90023,FILIGREE DIAMANTE EARRINGS,Home Decor
90024B,NEW BAROQUE B'FLY NECKLACE RED,Fashion & Accessories
90024C,NEW BAROQUE B'FLY NECKLACE GREEN,Fashion & Accessories
90024D,NEW BAROQUE B'FLY NECKLACE PINK,Fashion & Accessories
90024F,NEW BAROQUE B'FLY NECKLACE CRYSTAL,Fashion & Accessories
90025A,BAROQUE BUTTERFLY EARRINGS BLACK,Home Decor
90025F,BAROQUE BUTTERFLY EARRINGS CRYSTAL,Home Decor
90026A,GLASS BEAD HOOP NECKLACE BLACK,Fashion & Accessories
90026B,GLASS BEAD HOOP NECKLACE MONTANA,Fashion & Accessories
90026C,GLASS BEAD HOOP NECKLACE GREEN,Fashion & Accessories
90026D,GLASS BEAD HOOP NECKLACE AMETHYST,Fashion & Accessories
90027A,GLASS BEAD HOOP EARRINGS BLACK,Home Decor
90027D,GLASS BEAD HOOP EARRINGS AMETHYST,Home Decor
90028,NEW BAROQUE LARGE NECKLACE BLK/WHIT,Fashion & Accessories
90029,NEW BAROQUE SMALL NECKLACE BLACK,Fashion & Accessories
90030A,SPOTTED WHITE NATURAL SEED NECKLACE,Fashion & Accessories
90030B,RED KUKUI COCONUT SEED NECKLACE,Fashion & Accessories
90030C,BROWN KUKUI COCONUT SEED NECKLACE,Fashion & Accessories
90031,BILI NUT AND WOOD NECKLACE,Fashion & Accessories
90032,IVORY SHELL HEART NECKLACE,Fashion & Accessories
90033,IVORY SHELL HEART EARRINGS,Home Decor
90035A,"PEARL & SHELL 42""NECKL. GREEN",Home Decor
90035C,"PEARL & SHELL 42""NECKL. IVORY",Home Decor
90036A,FLOWER GARLAND NECKLACE RED,Fashion & Accessories
90036B,"FLOWER GLASS GARLAND NECKL.36""GREEN",Garden & Outdoor
90036C,"FLOWER GLASS GARLAND NECKL.36""BLUE",Garden & Outdoor
90036D,"FLOWER GLASS GARLAND NECKL.36""BLACK",Garden & Outdoor
90036E,"FLOWER GLASS GARLD NECKL36""AMETHYST",Garden & Outdoor
90036F,"FLOWER GLASS GARLD NECKL36""TURQUOIS",Garden & Outdoor
90037B,TINY CRYSTAL BRACELET GREEN,Fashion & Accessories
90038A,GLASS AND PAINTED BEADS BRACELET TO,Fashion & Accessories
90038B,GLASS AND PAINTED BEADS BRACELET OL,Fashion & Accessories
90038C,GLASS AND BEADS BRACELET IVORY,Fashion & Accessories
90039A,FIRE POLISHED GLASS BRACELET RED,Fashion & Accessories
90039B,FIRE POLISHED GLASS BRACELET MONTAN,Fashion & Accessories
90039C,FIRE POLISHED GLASS BRACELET BLACK,Fashion & Accessories
90039D,FIRE POLISHED GLASS BRACELET GREEN,Fashion & Accessories
90040A,MURANO STYLE GLASS BRACELET RED,Fashion & Accessories
90040B,MURANO STYLE GLASS BRACELET BLACK,Fashion & Accessories
90040C,MURANO STYLE GLASS BRACELET GOLD,Fashion & Accessories
90041,PEARL AND CHERRY QUARTZ BRACLET,Home Decor
90042A,FRESHWATER PEARL BRACELET GOLD,Fashion & Accessories
90043,COPPER AND BRASS BAG CHARM,Fashion & Accessories
90046,WHITE WITH METAL BAG CHARM,Fashion & Accessories
90048,GREEN WITH METAL BAG CHARM,Fashion & Accessories
90049,IVORY GOLD METAL BAG CHARM,Fashion & Accessories
90050,CRACKED GLAZE NECKLACE IVORY,Fashion & Accessories
90051,CRACKED GLAZE NECKLACE RED,Fashion & Accessories
90054,CRACKED GLAZE EARRINGS RED,Home Decor
90055,CRACKED GLAZE EARRINGS BROWN,Home Decor
90057,DIAMANTE RING ASSORTED IN BOX.,Home Decor
90058A,CRYSTAL STUD EARRINGS CLEAR DISPLAY,Toys & Games
90058B,CRYSTAL STUD EARRINGS ASSORTED COL ,Home Decor
90059A,DIAMANTE HAIR GRIP PACK/2 CRYSTAL,Home Decor
90059B,DIAMANTE HAIR GRIP PACK/2 BLACK DIA,Home Decor
90059C,DIAMANTE HAIR GRIP PACK/2 MONTANA,Home Decor
90059D,DIAMANTE HAIR GRIP PACK/2 PERIDOT,Home Decor
90059E,DIAMANTE HAIR GRIP PACK/2 RUBY,Home Decor
90059F,DIAMANTE HAIR GRIP PACK/2 LT ROSE,Home Decor
90060B,FIRE POLISHED GLASS NECKL GOLD,Home Decor
90060D,FIRE POLISHED GLASS NECKL BRONZE,Home Decor
90062,CARNIVAL BRACELET,Fashion & Accessories
90063A,WHITE VINT ART DECO CRYSTAL NECKLAC,Home Decor
90063B,BLACK VINT ART DEC CRYSTAL NECKLACE,Fashion & Accessories
90064A,WHITE VINTAGE CRYSTAL EARRINGS,Home Decor
90064B,BLACK VINTAGE  CRYSTAL EARRINGS,Home Decor
90065A,WHITE VINTAGE CRYSTAL BRACELET,Fashion & Accessories
90065B,BLACK VINT ART DEC CRYSTAL BRACELET,Fashion & Accessories
90067A,PINK VINTAGE VICTORIAN EARRINGS,Home Decor
90069,RUBY GLASS CLUSTER NECKLACE,Fashion & Accessories
90070,RUBY GLASS CLUSTER BRACELET,Fashion & Accessories
90071,RUBY GLASS CLUSTER EARRINGS,Home Decor
90072,RUBY DROP CHANDELIER EARRINGS,Home Decor
90073,VINTAGE ENAMEL & CRYSTAL EARRINGS,Home Decor
90074,BLACK DIAMOND CLUSTER NECKLACE,Fashion & Accessories
90076,MONTANA DIAMOND CLUSTER EARRINGS,Home Decor
90078,PINK/WHITE GLASS DEMI CHOKER,Home Decor
90079,VINTAGE ENAMEL & CRYSTAL NECKLACE,Fashion & Accessories
90081A,LILY BROOCH AMETHYST COLOUR,Home Decor
90081C,LILY BROOCH OLIVE COLOUR,Home Decor
90082A,DIAMANTE BOW BROOCH GREEN COLOUR,Home Decor
90082B,DIAMANTE BOW BROOCH RED COLOUR,Home Decor
90082D,DIAMANTE BOW BROOCH BLACK COLOUR,Home Decor
90083,CRYSTAL CZECH CROSS PHONE CHARM,Home Decor
90084,PINK CRYSTAL GUITAR PHONE CHARM,Home Decor
90085,CRYSTAL STILETTO PHONE CHARM,Home Decor
90086,CRYSTAL FROG PHONE CHARM,Home Decor
90087,CRYSTAL SEA HORSE PHONE CHARM,Home Decor
90089,PINK CRYSTAL SKULL PHONE CHARM,Home Decor
90093,CLEAR CRYSTAL STAR PHONE CHARM,Home Decor
90094,NECKLACE+BRACELET SET FRUIT SALAD ,Fashion & Accessories
90096,NECKLACE+BRACELET SET BLUE BLOSSOM,Fashion & Accessories
90098,NECKLACE+BRACELET PINK BUTTERFLY,Fashion & Accessories
90099,NECKLACE+BRACELET SET BLUE HIBISCUS,Fashion & Accessories
90100,NECKLACE+BRACELET SET PINK DAISY,Fashion & Accessories
90101,WHITE FRANGIPANI NECKLACE,Fashion & Accessories
90102,WHITE FRANGIPANI HAIR CLIP,Home Decor
90103,PURPLE FRANGIPANI NECKLACE,Fashion & Accessories
90104,PURPLE FRANGIPANI HAIRCLIP,Home Decor
90108,BLUE BLOSSOM HAIR CLIP,Home Decor
90114,SUMMER DAISIES BAG CHARM,Fashion & Accessories
90116,FRUIT SALAD BAG CHARM,Fashion & Accessories
90118,PINK DAISY BAG CHARM,Fashion & Accessories
90119,METALIC LEAVES BAG CHARMS,Fashion & Accessories
90120B,BLUE MURANO TWIST BRACELET,Fashion & Accessories
90120C,GREEN MURANO TWIST BRACELET,Fashion & Accessories
90120D,WHITE MURANO TWIST BRACELET,Fashion & Accessories
90122A,PINK CRYSTAL+GLASS BRACELET,Fashion & Accessories
90122B,JADE CRYSTAL+GLASS BRACELET,Fashion & Accessories
90122C,TURQUOISE CRYSTAL+GLASS BRACELET,Fashion & Accessories
90123A,PINK HEART OF GLASS BRACELET,Fashion & Accessories
90123B,TURQUOISE HEART OF GLASS BRACELET,Fashion & Accessories
90123C,GREEN HEART OF GLASS BRACELET,Fashion & Accessories
90123D,WHITE HEART OF GLASS BRACELET,Fashion & Accessories
90124A,PINK MURANO TWIST NECKLACE,Fashion & Accessories
90124B,BLUE MURANO TWIST NECKLACE,Fashion & Accessories
90124C,GREEN MURANO TWIST NECKLACE,Fashion & Accessories
90125A,PINK BERTIE GLASS BEAD BAG CHARM,Fashion & Accessories
90125B,AQUA BERTIE GLASS BEAD BAG CHARM,Fashion & Accessories
90125C,TURQUOISE BERTIE GLASS BEAD CHARM,Home Decor
90125D,PURPLE BERTIE GLASS BEAD BAG CHARM,Fashion & Accessories
90125E,AMBER BERTIE GLASS BEAD BAG CHARM,Fashion & Accessories
90128B,BLUE LEAVES AND BEADS PHONE CHARM,Home Decor
90129A,PINK GLASS TASSLE BAG CHARM ,Fashion & Accessories
90129B,TURQUOISE GLASS TASSLE BAG CHARM ,Fashion & Accessories
90129C,GREEN GLASS TASSLE BAG CHARM,Fashion & Accessories
90129D,AMBER GLASS TASSLE BAG CHARM,Fashion & Accessories
90129E,PURPLE GLASS TASSLE BAG CHARM,Fashion & Accessories
90129F,RED GLASS TASSLE BAG CHARM,Fashion & Accessories
90130A,WHITE STONE/CRYSTAL EARRINGS,Home Decor
90130B,TURQ STONE/CRYSTAL EARRINGS,Home Decor
90131,PINK/AMETHYST/GOLD NECKLACE,Fashion & Accessories
90133,TEAL/FUSCHIA COL BEAD NECKLACE,Fashion & Accessories
90135,ORANGE/WHT/FUSCHIA STONES NECKLACE,Fashion & Accessories
90136,PALE PINK/AMETHYST STONE NECKLACE,Fashion & Accessories
90138,WHITE/PINK MINI CRYSTALS NECKLACE,Fashion & Accessories
90141A,GREEN PENDANT TRIPLE SHELL NECKLACE,Stationery & Craft
90141B,IVORY PENDANT TRIPLE SHELL NECKLACE,Stationery & Craft
90141C,TURQ PENDANT TRIPLE SHELL NECKLACE,Stationery & Craft
90141D,ROSE PENDANT TRIPLE SHELL NECKLACE,Stationery & Craft
90141E,ORANGE PENDANT TRIPLE SHELL NECKLAC,Stationery & Craft
90142D,MOP PENDANT SHELL NECKLACE,Stationery & Craft
90143,SILVER BRACELET W PASTEL FLOWER,Fashion & Accessories
90144,SILVER DROP EARRINGS WITH FLOWER,Garden & Outdoor
90145,SILVER HOOP EARRINGS WITH FLOWER,Garden & Outdoor
90146,FINE SILVER NECKLACE W PASTEL FLOWE,Fashion & Accessories
90147,CHUNKY SILVER NECKLACE PASTEL FLOWE,Fashion & Accessories
90148,LONG SILVER NECKLACE PASTEL FLOWER,Fashion & Accessories
90149,SILVER FLOWR PINK SHELL NECKLACE,Fashion & Accessories
90151,SILVER/NATURAL SHELL NECKLACE,Fashion & Accessories
90152A,SILVER/NAT SHELL NECKLACE W PENDANT,Stationery & Craft
90152B,BLUE/GREEN SHELL NECKLACE W PENDANT,Stationery & Craft
90152C,BLUE/NAT SHELL NECKLACE W PENDANT,Stationery & Craft
90154,LAZER CUT NECKLACE W PASTEL BEADS,Fashion & Accessories
90155,RESIN NECKLACE W PASTEL BEADS,Fashion & Accessories
90156,RESIN BRACELET W PASTEL BEADS,Fashion & Accessories
90157,RIVIERA NECKLACE,Fashion & Accessories
90158,ST TROPEZ NECKLACE,Fashion & Accessories
90159,COTE D'AZURE NECKLACE,Fashion & Accessories
90160A,PURPLE BOUDICCA LARGE BRACELET,Fashion & Accessories
90160B,RED BOUDICCA LARGE BRACELET,Fashion & Accessories
90160C,TURQ+RED BOUDICCA LARGE BRACELET,Fashion & Accessories
90160D,PINK BOUDICCA LARGE BRACELET,Fashion & Accessories
90161A,ANT COPPER RED BOUDICCA BRACELET,Fashion & Accessories
90161B,ANT COPPER TURQ BOUDICCA BRACELET,Fashion & Accessories
90161C,ANT COPPER LIME BOUDICCA BRACELET,Fashion & Accessories
90161D,ANT COPPER PINK BOUDICCA BRACELET,Fashion & Accessories
90162A,ANT SILVER TURQUOISE BOUDICCA RING,Home Decor
90162B,ANT SILVER LIME GREEN BOUDICCA RING,Home Decor
90162C,ANT SILVER FUSCHIA BOUDICCA RING,Home Decor
90162D,ANT SILVER PURPLE BOUDICCA RING,Home Decor
90163A,PINK ROSEBUD & PEARL NECKLACE,Fashion & Accessories
90163B,WHITE ROSEBUD & PEARL NECKLACE,Fashion & Accessories
90164A,PINK ROSEBUD PEARL BRACELET,Fashion & Accessories
90164B,WHITE  ROSEBUD PEARL BRACELET,Fashion & Accessories
90165B,WHITE ROSEBUD  PEARL EARRINGS,Home Decor
90166,PINK & WHITE ROSEBUD RING,Home Decor
90167,BEADED LOVE HEART JEWELLERY SET,Fashion & Accessories
90168,2 DAISIES HAIR COMB,Home Decor
90169,DAISY HAIR COMB,Home Decor
90170,DAISY HAIR BAND,Home Decor
90173,PAIR BUTTERFLY HAIR CLIPS,Home Decor
90174,BUTTERFLY HAIR BAND,Home Decor
90175A,WHITE GLASS CHUNKY CHARM BRACELET,Fashion & Accessories
90175C,BLUE GLASS CHUNKY CHARM BRACELET,Fashion & Accessories
90175D,TIGRIS EYE CHUNKY CHARM BRACELET,Fashion & Accessories
90176A,CLASSIC DIAMANTE NECKLACE JET,Fashion & Accessories
90176B,DIAMANTE NECKLACE BLACK ,Fashion & Accessories
90176C,DIAMANTE NECKLACE,Fashion & Accessories
90176D,DIAMANTE NECKLACE PURPLE,Fashion & Accessories
90176E,DIAMANTE NECKLACE GREEN,Fashion & Accessories
90177A,CLASSIC DIAMANTE EARRINGS JET,Home Decor
90177B,DROP DIAMANTE EARRINGS BLACK DIAMON,Home Decor
90177C,DROP DIAMANTE EARRINGS CRYSTAL,Home Decor
90177D,DROP DIAMANTE EARRINGS PURPLE,Home Decor
90177E,DROP DIAMANTE EARRINGS GREEN,Home Decor
90178A,AMBER CHUNKY GLASS+BEAD NECKLACE,Fashion & Accessories
90178B,PURPLE CHUNKY GLASS+BEAD NECKLACE,Fashion & Accessories
90179A,AMBER FINE BEAD NECKLACE W TASSEL,Fashion & Accessories
90179C,BLACK FINE BEAD NECKLACE W TASSEL,Fashion & Accessories
90180A,BLACK+WHITE NECKLACE W TASSEL,Fashion & Accessories
90180B,PURPLE AMETHYST NECKLACE W TASSEL,Fashion & Accessories
90181A,AMBER GLASS/SHELL/PEARL NECKLACE,Fashion & Accessories
90182C,BLACK 3 BEAD DROP EARRINGS,Home Decor
90183A,AMBER DROP EARRINGS W LONG BEADS,Home Decor
90183C,BLACK DROP EARRINGS W LONG BEADS,Home Decor
90184A,AMBER CHUNKY BEAD BRACELET W STRAP,Fashion & Accessories
90184B,AMETHYST CHUNKY BEAD BRACELET W STR,Fashion & Accessories
90184C,BLACK CHUNKY BEAD BRACELET W STRAP,Fashion & Accessories
90185A,AMBER DIAMANTE EXPANDABLE RING,Home Decor
90185B,AMETHYST DIAMANTE EXPANDABLE RING,Home Decor
90185C,BLACK DIAMANTE EXPANDABLE RING,Home Decor
90185D,CRYSTAL DIAMANTE EXPANDABLE RING,Home Decor
90186A,AMETHYST HOOP EARRING FLORAL LEAF,Home Decor
90186B,CRYSTAL HOOP EARRING FLORAL LEAF,Home Decor
90187B,GREEN DROP EARRINGS W BEAD CLUSTER,Home Decor
90188,DROP EARRINGS W FLOWER & LEAF,Garden & Outdoor
90189A,SILVER 2 STRAND NECKLACE-LEAF CHARM,Fashion & Accessories
90190A,SILVER/CRYSTAL DROP EARRINGS W LEAF,Home Decor
90190B,GOLD/AMBER DROP EARRINGS W LEAF,Home Decor
90190C,SILVER/AMETHYST DROP EARRINGS LEAF,Home Decor
90191,SILVER LARIAT 40CM,Home Decor
90192,JADE DROP EARRINGS W FILIGREE,Home Decor
90194,SILVER LARIAT BLACK STONE EARRINGS,Home Decor
90195A,PURPLE GEMSTONE BRACELET,Fashion & Accessories
90195B,BLACK GEMSTONE BRACELET,Fashion & Accessories
90196A,PURPLE GEMSTONE NECKLACE 45CM,Fashion & Accessories
90196B,BLACK GEMSTONE NECKLACE 45CM,Fashion & Accessories
90197B,BLACK GLASS BRACELET W HEART CHARMS,Fashion & Accessories
90198A,VINTAGE ROSE BEAD BRACELET RASPBERR,Fashion & Accessories
90198B,VINTAGE ROSE BEAD BRACELET BLACK,Fashion & Accessories
90199A,5 STRAND GLASS NECKLACE BLACK,Fashion & Accessories
90199B,5 STRAND GLASS NECKLACE AMETHYST,Fashion & Accessories
90199C,5 STRAND GLASS NECKLACE CRYSTAL,Fashion & Accessories
90199D,5 STRAND GLASS NECKLACE AMBER,Fashion & Accessories
90200A,PURPLE SWEETHEART BRACELET,Fashion & Accessories
90200B,BLACK SWEETHEART BRACELET,Fashion & Accessories
90200C,BLUE SWEETHEART BRACELET,Fashion & Accessories
90200D,PINK SWEETHEART BRACELET,Fashion & Accessories
90200E,GREEN SWEETHEART BRACELET,Fashion & Accessories
90201A,PURPLE ENAMEL FLOWER RING,Garden & Outdoor
90201B,BLACK ENAMEL FLOWER RING,Garden & Outdoor
90201C,RED ENAMEL FLOWER RING,Garden & Outdoor
90201D,GREEN ENAMEL FLOWER RING,Garden & Outdoor
90202A,PURPLE ENAMEL FLOWER HAIR TIE,Garden & Outdoor
90202B,WHITE ENAMEL FLOWER HAIR TIE,Garden & Outdoor
90202C,GREEN ENAMEL FLOWER HAIR TIE,Garden & Outdoor
90202D,PINK ENAMEL FLOWER HAIR TIE,Garden & Outdoor
90204,PAIR OF ENAMEL BUTTERFLY HAIRCLIP,Home Decor
90205A,LARGE MINT DIAMANTE HAIRSLIDE,Home Decor
90205C,LARGE CRYSTAL DIAMANTE HAIRSLIDE,Home Decor
90206A,GOLD DIAMANTE STAR BROOCH,Home Decor
90206C,CRYSTAL DIAMANTE STAR BROOCH,Home Decor
90208,PAIR OF PINK FLOWER CLUSTER SLIDE,Garden & Outdoor
90209A,PURPLE ENAMEL+GLASS HAIR COMB,Home Decor
90209B,GREEN ENAMEL+GLASS HAIR COMB,Home Decor
90209C,PINK ENAMEL+GLASS HAIR COMB,Home Decor
90210A,GREY ACRYLIC FACETED BANGLE,Home Decor
90210B,CLEAR ACRYLIC FACETED BANGLE,Home Decor
90210C,RED   ACRYLIC FACETED BANGLE,Home Decor
90210D,PURPLE ACRYLIC FACETED BANGLE,Home Decor
90211A,DIAMOND LAS VEGAS NECKLACE 45CM,Fashion & Accessories
90211B,JET BLACK LAS VEGAS NECKLACE 45CM,Fashion & Accessories
90212B,JET BLACK LAS VEGAS BRACELET ROUND,Fashion & Accessories
90212C,PURPLE LAS VEGAS BRACELET ROUND,Fashion & Accessories
90214A,"LETTER ""A"" BLING KEY RING",Home Decor
90214B,"LETTER ""B"" BLING KEY RING",Home Decor
90214C,"LETTER ""C"" BLING KEY RING",Home Decor
90214D,"LETTER ""D"" BLING KEY RING",Home Decor
90214E,"LETTER ""E"" BLING KEY RING",Home Decor
90214F,"LETTER ""F"" BLING KEY RING",Home Decor
90214G,"LETTER ""G"" BLING KEY RING",Home Decor
90214H,"LETTER ""H"" BLING KEY RING",Home Decor
90214I,"LETTER ""I"" BLING KEY RING",Home Decor
90214J,"LETTER ""J"" BLING KEY RING",Home Decor
90214K,"LETTER ""K"" BLING KEY RING",Home Decor
90214L,"LETTER ""L"" BLING KEY RING",Home Decor
90214M,"LETTER ""M"" BLING KEY RING",Home Decor
90214N,"LETTER ""N"" BLING KEY RING",Home Decor
90214O,"LETTER ""O"" BLING KEY RING",Home Decor
90214P,"LETTER ""P"" BLING KEY RING",Home Decor
90214R,"LETTER ""R"" BLING KEY RING",Home Decor
90214S,"LETTER ""S"" BLING KEY RING",Home Decor
90214T,"LETTER ""T"" BLING KEY RING",Home Decor
90214U,"LETTER ""U"" BLING KEY RING",Home Decor
90214V,"LETTER ""V"" BLING KEY RING",Home Decor
90214W,"LETTER ""W"" BLING KEY RING",Home Decor
90214Y,"LETTER ""Y"" BLING KEY RING",Home Decor
90214Z,"LETTER ""Z"" BLING KEY RING",Home Decor
BANK CHARGES,Bank Charges,Home Decor
C2,CARRIAGE,Home Decor
DOT,DOTCOM POSTAGE,Home Decor
M,Manual,Home Decor
PADS,PADS TO MATCH ALL CUSHIONS,Home Decor
POST,POSTAGE,Home Decor
